9713295,9891853,9891854,9891855,9891856,9891857,9891858,9891859,9908175,9908176,9908177,9908178,9908179,10327692,10327693,10327694,10340028,10340029,11047548,11047549,11916750,11916751,11922351,11922352,11922877,11922878,11922879,12042325,12312333,12312335,12312355,12387768,12387793,12617813,12617814,12617815,12617817,12617835,12617836,12705763,12705764,12781662,12781663,12781664,12781666,12781676,12781678,12781683,12781684,12781685
0.0,0.0,0.0,0.0,0.0,0.0,0.0,0.0,0.0,0.0,0.0,0.0,0.0,2.0,0.0,1.0,0.0,0.0,0.0,0.0,0.0,0.0,0.0,0.0,0.0,0.0,0.0,0.0,0.0,0.0,0.0,0.0,0.0,0.0,0.0,0.0,0.0,0.0,0.0,0.0,0.0,0.0,0.0,0.0,0.0,0.0,0.0,0.0,0.0,0.0
0.0,0.0,0.0,0.0,0.0,0.0,0.0,0.0,0.0,0.0,1.0,0.0,0.0,1.0,0.0,0.0,0.0,0.0,0.0,0.0,0.0,1.0,0.0,1.0,0.0,0.0,0.0,0.0,0.0,0.0,0.0,0.0,0.0,0.0,0.0,0.0,0.0,0.0,0.0,0.0,0.0,0.0,0.0,0.0,0.0,0.0,0.0,0.0,0.0,0.0
0.0,0.0,0.0,1.0,0.0,0.0,0.0,0.0,0.0,0.0,0.0,0.0,0.0,0.0,0.0,1.0,0.0,0.0,0.0,0.0,2.0,1.0,0.0,0.0,2.0,3.0,0.0,0.0,0.0,0.0,0.0,0.0,0.0,0.0,0.0,0.0,0.0,0.0,0.0,0.0,0.0,0.0,0.0,0.0,0.0,0.0,0.0,0.0,0.0,0.0
1.0,2.0,2.0,2.0,0.0,0.0,2.0,0.0,0.0,0.0,0.0,0.0,0.0,18.0,14.0,24.0,2.0,0.0,0.0,0.0,8.0,5.0,3.0,3.0,6.0,10.0,7.0,0.0,0.0,0.0,0.0,0.0,0.0,0.0,0.0,0.0,0.0,0.0,0.0,0.0,0.0,0.0,0.0,0.0,0.0,0.0,0.0,0.0,0.0,0.0
1.0,1.0,2.0,2.0,2.0,4.0,1.0,1.0,0.0,1.0,1.0,0.0,0.0,35.0,31.0,34.0,0.0,0.0,0.0,0.0,16.0,6.0,6.0,7.0,10.0,23.0,10.0,0.0,0.0,0.0,0.0,0.0,0.0,0.0,0.0,0.0,0.0,0.0,0.0,0.0,0.0,0.0,0.0,0.0,0.0,0.0,0.0,0.0,0.0,0.0
2.0,0.0,4.0,0.0,1.0,2.0,2.0,1.0,0.0,0.0,2.0,0.0,1.0,87.0,72.0,62.0,4.0,0.0,0.0,0.0,26.0,9.0,6.0,9.0,10.0,26.0,17.0,0.0,0.0,0.0,0.0,0.0,0.0,0.0,0.0,0.0,0.0,0.0,0.0,0.0,0.0,0.0,0.0,0.0,0.0,0.0,0.0,0.0,0.0,0.0
1.0,0.0,2.0,4.0,3.0,1.0,1.0,2.0,1.0,0.0,0.0,1.0,1.0,42.0,58.0,56.0,13.0,0.0,1.0,0.0,18.0,11.0,1.0,6.0,12.0,17.0,19.0,0.0,0.0,0.0,0.0,0.0,0.0,0.0,0.0,0.0,0.0,0.0,0.0,0.0,0.0,0.0,0.0,0.0,0.0,0.0,0.0,0.0,0.0,0.0
0.0,3.0,1.0,2.0,1.0,3.0,3.0,4.0,0.0,0.0,0.0,0.0,0.0,49.0,40.0,36.0,2.0,0.0,0.0,0.0,16.0,11.0,1.0,4.0,6.0,16.0,17.0,0.0,0.0,0.0,0.0,0.0,0.0,0.0,0.0,0.0,0.0,0.0,0.0,0.0,0.0,0.0,0.0,0.0,0.0,0.0,0.0,0.0,0.0,0.0
0.0,2.0,0.0,1.0,4.0,2.0,1.0,4.0,0.0,0.0,1.0,1.0,1.0,52.0,37.0,46.0,0.0,0.0,1.0,0.0,17.0,15.0,4.0,2.0,3.0,20.0,18.0,0.0,0.0,0.0,0.0,0.0,0.0,0.0,0.0,0.0,0.0,0.0,0.0,0.0,0.0,0.0,0.0,0.0,0.0,0.0,0.0,0.0,0.0,0.0
0.0,6.0,5.0,6.0,2.0,1.0,2.0,2.0,1.0,0.0,0.0,0.0,0.0,37.0,32.0,42.0,3.0,0.0,0.0,0.0,14.0,15.0,4.0,9.0,12.0,13.0,13.0,0.0,0.0,0.0,0.0,0.0,0.0,0.0,0.0,0.0,0.0,0.0,0.0,0.0,0.0,0.0,0.0,0.0,0.0,0.0,0.0,0.0,0.0,0.0
1.0,5.0,6.0,4.0,4.0,0.0,0.0,0.0,0.0,0.0,0.0,1.0,0.0,41.0,30.0,10.0,2.0,0.0,0.0,0.0,18.0,12.0,5.0,10.0,9.0,19.0,14.0,0.0,0.0,0.0,0.0,0.0,0.0,0.0,0.0,0.0,0.0,0.0,0.0,0.0,0.0,0.0,0.0,0.0,0.0,0.0,0.0,0.0,0.0,0.0
1.0,2.0,4.0,0.0,2.0,0.0,1.0,1.0,0.0,0.0,0.0,0.0,0.0,24.0,40.0,0.0,5.0,0.0,0.0,0.0,18.0,16.0,2.0,4.0,10.0,23.0,21.0,0.0,0.0,0.0,0.0,0.0,0.0,0.0,0.0,0.0,0.0,0.0,0.0,0.0,0.0,0.0,0.0,0.0,0.0,0.0,0.0,0.0,0.0,0.0
2.0,2.0,3.0,1.0,2.0,0.0,1.0,1.0,0.0,0.0,1.0,0.0,0.0,4.0,22.0,4.0,4.0,0.0,0.0,0.0,20.0,11.0,15.0,6.0,5.0,28.0,4.0,0.0,0.0,0.0,0.0,0.0,0.0,0.0,0.0,0.0,0.0,0.0,0.0,0.0,0.0,0.0,0.0,0.0,0.0,0.0,0.0,0.0,0.0,0.0
0.0,4.0,1.0,7.0,4.0,6.0,1.0,1.0,1.0,1.0,0.0,1.0,0.0,9.0,11.0,10.0,2.0,0.0,1.0,1.0,9.0,6.0,4.0,3.0,11.0,13.0,15.0,0.0,0.0,0.0,0.0,0.0,0.0,0.0,0.0,0.0,0.0,0.0,0.0,0.0,0.0,0.0,0.0,0.0,0.0,0.0,0.0,0.0,0.0,0.0
2.0,0.0,0.0,3.0,2.0,2.0,2.0,0.0,0.0,0.0,1.0,1.0,0.0,19.0,20.0,4.0,5.0,0.0,2.0,1.0,14.0,15.0,3.0,6.0,10.0,24.0,17.0,0.0,0.0,0.0,0.0,0.0,0.0,0.0,0.0,0.0,0.0,0.0,0.0,0.0,0.0,0.0,0.0,0.0,0.0,0.0,0.0,0.0,0.0,0.0
0.0,2.0,1.0,2.0,1.0,1.0,0.0,0.0,0.0,0.0,0.0,0.0,0.0,28.0,15.0,34.0,3.0,0.0,2.0,0.0,19.0,10.0,4.0,6.0,7.0,22.0,23.0,0.0,0.0,0.0,0.0,0.0,0.0,0.0,0.0,0.0,0.0,0.0,0.0,0.0,0.0,0.0,0.0,0.0,0.0,0.0,0.0,0.0,0.0,0.0
0.0,0.0,2.0,0.0,0.0,0.0,1.0,0.0,0.0,0.0,0.0,0.0,1.0,31.0,19.0,27.0,8.0,0.0,2.0,0.0,12.0,5.0,6.0,4.0,5.0,20.0,20.0,0.0,0.0,0.0,0.0,0.0,0.0,0.0,0.0,0.0,0.0,0.0,0.0,0.0,0.0,0.0,0.0,0.0,0.0,0.0,0.0,0.0,0.0,0.0
0.0,0.0,2.0,0.0,0.0,1.0,0.0,0.0,0.0,0.0,1.0,0.0,0.0,26.0,23.0,22.0,4.0,0.0,0.0,0.0,15.0,7.0,1.0,5.0,6.0,21.0,12.0,0.0,0.0,0.0,0.0,0.0,0.0,0.0,0.0,0.0,0.0,0.0,0.0,0.0,0.0,0.0,0.0,0.0,0.0,0.0,0.0,0.0,0.0,0.0
0.0,0.0,2.0,2.0,1.0,1.0,0.0,1.0,0.0,0.0,0.0,0.0,0.0,28.0,26.0,24.0,8.0,0.0,0.0,0.0,20.0,12.0,2.0,7.0,8.0,29.0,21.0,0.0,0.0,0.0,0.0,0.0,0.0,0.0,0.0,0.0,0.0,0.0,0.0,0.0,0.0,0.0,0.0,0.0,0.0,0.0,0.0,0.0,0.0,0.0
1.0,2.0,2.0,2.0,1.0,0.0,2.0,1.0,0.0,0.0,0.0,0.0,0.0,26.0,23.0,26.0,8.0,0.0,0.0,0.0,12.0,12.0,4.0,9.0,6.0,20.0,21.0,0.0,0.0,0.0,0.0,0.0,0.0,0.0,0.0,0.0,0.0,0.0,0.0,0.0,0.0,0.0,0.0,0.0,0.0,0.0,0.0,0.0,0.0,0.0
0.0,3.0,2.0,2.0,1.0,0.0,0.0,1.0,1.0,0.0,0.0,1.0,0.0,35.0,26.0,23.0,5.0,0.0,0.0,0.0,11.0,9.0,5.0,6.0,12.0,25.0,21.0,0.0,0.0,0.0,0.0,0.0,0.0,0.0,0.0,0.0,0.0,0.0,0.0,0.0,0.0,0.0,0.0,0.0,0.0,0.0,0.0,0.0,0.0,0.0
1.0,3.0,2.0,2.0,0.0,3.0,1.0,1.0,0.0,0.0,0.0,0.0,0.0,22.0,22.0,30.0,4.0,0.0,0.0,0.0,7.0,16.0,5.0,3.0,13.0,20.0,13.0,0.0,0.0,0.0,0.0,0.0,0.0,0.0,0.0,0.0,0.0,0.0,0.0,0.0,0.0,0.0,0.0,0.0,0.0,0.0,0.0,0.0,0.0,0.0
0.0,1.0,1.0,2.0,2.0,0.0,1.0,0.0,0.0,0.0,0.0,0.0,0.0,34.0,21.0,32.0,3.0,0.0,0.0,0.0,6.0,6.0,0.0,5.0,15.0,20.0,14.0,0.0,0.0,0.0,0.0,0.0,0.0,0.0,0.0,0.0,0.0,0.0,0.0,0.0,0.0,0.0,0.0,0.0,0.0,0.0,0.0,0.0,0.0,0.0
1.0,0.0,1.0,3.0,10.0,0.0,0.0,1.0,0.0,0.0,0.0,0.0,0.0,22.0,26.0,24.0,0.0,0.0,0.0,0.0,12.0,5.0,2.0,3.0,3.0,13.0,9.0,0.0,0.0,0.0,0.0,0.0,0.0,0.0,0.0,0.0,0.0,0.0,0.0,0.0,0.0,0.0,0.0,0.0,0.0,0.0,0.0,0.0,0.0,0.0
0.0,1.0,0.0,5.0,1.0,3.0,0.0,0.0,0.0,0.0,0.0,0.0,0.0,14.0,9.0,14.0,1.0,0.0,0.0,0.0,6.0,8.0,7.0,3.0,8.0,19.0,13.0,0.0,0.0,0.0,0.0,0.0,0.0,0.0,0.0,0.0,0.0,0.0,0.0,0.0,0.0,0.0,0.0,0.0,0.0,0.0,0.0,0.0,0.0,0.0
1.0,0.0,0.0,2.0,0.0,2.0,0.0,0.0,0.0,1.0,0.0,1.0,0.0,44.0,51.0,47.0,7.0,0.0,0.0,0.0,23.0,16.0,4.0,9.0,11.0,26.0,26.0,0.0,0.0,0.0,0.0,0.0,0.0,0.0,0.0,0.0,0.0,0.0,0.0,0.0,0.0,0.0,0.0,0.0,0.0,0.0,0.0,0.0,0.0,0.0
1.0,4.0,5.0,13.0,4.0,7.0,5.0,0.0,0.0,0.0,0.0,0.0,0.0,28.0,22.0,34.0,4.0,0.0,1.0,0.0,11.0,10.0,0.0,3.0,13.0,30.0,14.0,0.0,0.0,0.0,0.0,0.0,0.0,0.0,0.0,0.0,0.0,0.0,0.0,0.0,0.0,0.0,0.0,0.0,0.0,0.0,0.0,0.0,0.0,0.0
0.0,1.0,3.0,5.0,0.0,0.0,2.0,1.0,0.0,1.0,0.0,1.0,0.0,27.0,20.0,18.0,4.0,0.0,0.0,0.0,18.0,10.0,5.0,2.0,5.0,27.0,24.0,0.0,0.0,0.0,0.0,0.0,0.0,0.0,0.0,0.0,0.0,0.0,0.0,0.0,0.0,0.0,0.0,0.0,0.0,0.0,0.0,0.0,0.0,0.0
1.0,2.0,1.0,4.0,10.0,9.0,0.0,0.0,0.0,0.0,1.0,0.0,0.0,26.0,27.0,22.0,6.0,0.0,1.0,0.0,17.0,9.0,4.0,8.0,9.0,21.0,18.0,0.0,0.0,0.0,0.0,0.0,0.0,0.0,0.0,0.0,0.0,0.0,0.0,0.0,0.0,0.0,0.0,0.0,0.0,0.0,0.0,0.0,0.0,0.0
0.0,1.0,2.0,0.0,1.0,0.0,3.0,2.0,1.0,0.0,0.0,0.0,0.0,32.0,12.0,26.0,6.0,0.0,0.0,0.0,13.0,6.0,2.0,4.0,11.0,36.0,20.0,0.0,0.0,0.0,0.0,0.0,0.0,0.0,0.0,0.0,0.0,0.0,0.0,0.0,0.0,0.0,0.0,0.0,0.0,0.0,0.0,0.0,0.0,0.0
1.0,0.0,0.0,1.0,1.0,0.0,0.0,0.0,0.0,0.0,0.0,0.0,0.0,13.0,14.0,27.0,2.0,0.0,1.0,0.0,18.0,12.0,6.0,10.0,6.0,17.0,11.0,0.0,0.0,0.0,0.0,0.0,0.0,0.0,0.0,0.0,0.0,0.0,0.0,0.0,0.0,0.0,0.0,0.0,0.0,0.0,0.0,0.0,0.0,0.0
0.0,1.0,1.0,1.0,0.0,0.0,1.0,2.0,0.0,1.0,0.0,0.0,0.0,29.0,13.0,15.0,5.0,0.0,0.0,0.0,12.0,13.0,11.0,5.0,7.0,22.0,12.0,0.0,0.0,0.0,0.0,0.0,0.0,0.0,0.0,0.0,0.0,0.0,0.0,0.0,0.0,0.0,0.0,0.0,0.0,0.0,0.0,0.0,0.0,0.0
1.0,1.0,2.0,11.0,2.0,1.0,0.0,1.0,0.0,0.0,0.0,0.0,0.0,24.0,28.0,31.0,12.0,0.0,0.0,0.0,18.0,13.0,4.0,8.0,14.0,27.0,19.0,0.0,0.0,0.0,0.0,0.0,0.0,0.0,0.0,0.0,0.0,0.0,0.0,0.0,0.0,0.0,0.0,0.0,0.0,0.0,0.0,0.0,0.0,0.0
0.0,0.0,4.0,4.0,1.0,0.0,2.0,0.0,0.0,0.0,0.0,0.0,0.0,29.0,23.0,16.0,8.0,0.0,0.0,0.0,17.0,13.0,2.0,3.0,9.0,20.0,17.0,0.0,0.0,0.0,0.0,0.0,0.0,0.0,0.0,0.0,0.0,0.0,0.0,0.0,0.0,0.0,0.0,0.0,0.0,0.0,0.0,0.0,0.0,0.0
1.0,4.0,3.0,1.0,3.0,1.0,0.0,3.0,0.0,0.0,0.0,0.0,0.0,14.0,17.0,28.0,14.0,0.0,0.0,0.0,12.0,8.0,4.0,8.0,6.0,19.0,12.0,0.0,0.0,0.0,0.0,0.0,0.0,0.0,0.0,0.0,0.0,0.0,0.0,0.0,0.0,0.0,0.0,0.0,0.0,0.0,0.0,0.0,0.0,0.0
0.0,2.0,1.0,1.0,1.0,2.0,1.0,0.0,0.0,0.0,0.0,0.0,0.0,0.0,27.0,17.0,14.0,0.0,0.0,0.0,13.0,8.0,3.0,8.0,10.0,29.0,11.0,0.0,0.0,0.0,0.0,0.0,0.0,0.0,0.0,0.0,0.0,0.0,0.0,0.0,0.0,0.0,0.0,0.0,0.0,0.0,0.0,0.0,0.0,0.0
1.0,0.0,1.0,0.0,1.0,2.0,0.0,0.0,0.0,0.0,0.0,0.0,0.0,0.0,29.0,6.0,3.0,0.0,0.0,0.0,8.0,9.0,1.0,7.0,6.0,29.0,27.0,0.0,0.0,0.0,0.0,0.0,0.0,0.0,0.0,0.0,0.0,0.0,0.0,0.0,0.0,0.0,0.0,0.0,0.0,0.0,0.0,0.0,0.0,0.0
1.0,6.0,0.0,1.0,2.0,1.0,1.0,0.0,0.0,1.0,0.0,0.0,2.0,0.0,29.0,0.0,18.0,2.0,0.0,0.0,15.0,12.0,3.0,8.0,14.0,22.0,15.0,0.0,0.0,0.0,0.0,0.0,0.0,0.0,0.0,0.0,0.0,0.0,0.0,0.0,0.0,0.0,0.0,0.0,0.0,0.0,0.0,0.0,0.0,0.0
0.0,1.0,1.0,1.0,0.0,1.0,0.0,0.0,1.0,0.0,0.0,0.0,0.0,13.0,17.0,6.0,5.0,9.0,0.0,3.0,6.0,9.0,4.0,8.0,4.0,16.0,11.0,0.0,0.0,0.0,0.0,0.0,0.0,0.0,0.0,0.0,0.0,0.0,0.0,0.0,0.0,0.0,0.0,0.0,0.0,0.0,0.0,0.0,0.0,0.0
0.0,1.0,0.0,2.0,1.0,3.0,1.0,1.0,0.0,1.0,1.0,0.0,0.0,36.0,37.0,38.0,18.0,24.0,20.0,23.0,19.0,11.0,7.0,12.0,16.0,36.0,28.0,0.0,0.0,0.0,0.0,0.0,0.0,0.0,0.0,0.0,0.0,0.0,0.0,0.0,0.0,0.0,0.0,0.0,0.0,0.0,0.0,0.0,0.0,0.0
2.0,3.0,9.0,1.0,2.0,2.0,0.0,1.0,1.0,0.0,0.0,0.0,0.0,31.0,33.0,30.0,7.0,6.0,15.0,22.0,24.0,9.0,6.0,7.0,20.0,34.0,27.0,0.0,0.0,0.0,0.0,0.0,0.0,0.0,0.0,0.0,0.0,0.0,0.0,0.0,0.0,0.0,0.0,0.0,0.0,0.0,0.0,0.0,0.0,0.0
1.0,2.0,3.0,5.0,4.0,1.0,2.0,1.0,0.0,0.0,1.0,0.0,0.0,22.0,16.0,27.0,8.0,4.0,11.0,16.0,11.0,4.0,3.0,3.0,1.0,17.0,11.0,0.0,0.0,0.0,0.0,0.0,0.0,0.0,0.0,0.0,0.0,0.0,0.0,0.0,0.0,0.0,0.0,0.0,0.0,0.0,0.0,0.0,0.0,0.0
0.0,3.0,2.0,0.0,2.0,0.0,0.0,1.0,1.0,1.0,0.0,1.0,0.0,29.0,20.0,36.0,12.0,9.0,34.0,57.0,20.0,14.0,11.0,19.0,23.0,46.0,35.0,0.0,0.0,0.0,0.0,0.0,0.0,0.0,0.0,0.0,0.0,0.0,0.0,0.0,0.0,0.0,0.0,0.0,0.0,0.0,0.0,0.0,0.0,0.0
0.0,5.0,6.0,5.0,1.0,0.0,0.0,2.0,0.0,0.0,1.0,0.0,0.0,33.0,25.0,33.0,7.0,15.0,34.0,39.0,13.0,12.0,4.0,10.0,10.0,27.0,17.0,0.0,0.0,0.0,0.0,0.0,0.0,0.0,0.0,0.0,0.0,0.0,0.0,0.0,0.0,0.0,0.0,0.0,0.0,0.0,0.0,0.0,0.0,0.0
0.0,2.0,5.0,1.0,2.0,0.0,0.0,1.0,2.0,0.0,0.0,0.0,0.0,14.0,15.0,25.0,4.0,7.0,20.0,30.0,0.0,8.0,5.0,6.0,5.0,32.0,9.0,0.0,0.0,0.0,0.0,0.0,0.0,0.0,0.0,0.0,0.0,0.0,0.0,0.0,0.0,0.0,0.0,0.0,0.0,0.0,0.0,0.0,0.0,0.0
0.0,3.0,2.0,0.0,1.0,2.0,0.0,2.0,0.0,0.0,0.0,0.0,0.0,26.0,23.0,21.0,5.0,13.0,13.0,24.0,0.0,7.0,1.0,4.0,10.0,38.0,10.0,0.0,0.0,0.0,0.0,0.0,0.0,0.0,0.0,0.0,0.0,0.0,0.0,0.0,0.0,0.0,0.0,0.0,0.0,0.0,0.0,0.0,0.0,0.0
0.0,3.0,1.0,3.0,1.0,1.0,0.0,1.0,0.0,0.0,0.0,0.0,0.0,33.0,24.0,36.0,5.0,11.0,25.0,28.0,0.0,10.0,9.0,11.0,15.0,33.0,22.0,0.0,0.0,0.0,0.0,0.0,0.0,0.0,0.0,0.0,0.0,0.0,0.0,0.0,0.0,0.0,0.0,0.0,0.0,0.0,0.0,0.0,0.0,0.0
0.0,2.0,1.0,1.0,2.0,2.0,0.0,1.0,0.0,0.0,0.0,1.0,0.0,32.0,29.0,26.0,8.0,13.0,14.0,27.0,0.0,15.0,9.0,3.0,12.0,30.0,18.0,0.0,0.0,0.0,0.0,0.0,0.0,0.0,0.0,0.0,0.0,0.0,0.0,0.0,0.0,0.0,0.0,0.0,0.0,0.0,0.0,0.0,0.0,0.0
2.0,1.0,1.0,3.0,1.0,1.0,0.0,1.0,0.0,0.0,0.0,0.0,0.0,23.0,20.0,17.0,3.0,5.0,14.0,22.0,5.0,12.0,2.0,9.0,5.0,22.0,19.0,0.0,0.0,0.0,0.0,0.0,0.0,0.0,0.0,0.0,0.0,0.0,0.0,0.0,0.0,0.0,0.0,0.0,0.0,0.0,0.0,0.0,0.0,0.0
1.0,0.0,1.0,2.0,2.0,1.0,0.0,0.0,0.0,0.0,0.0,0.0,0.0,25.0,19.0,37.0,3.0,17.0,18.0,30.0,7.0,7.0,4.0,4.0,9.0,25.0,18.0,0.0,0.0,0.0,0.0,0.0,0.0,0.0,0.0,0.0,0.0,0.0,0.0,0.0,0.0,0.0,0.0,0.0,0.0,0.0,0.0,0.0,0.0,0.0
0.0,2.0,3.0,6.0,3.0,1.0,0.0,1.0,0.0,2.0,0.0,0.0,0.0,24.0,29.0,24.0,1.0,9.0,21.0,24.0,12.0,4.0,5.0,2.0,9.0,30.0,19.0,0.0,0.0,0.0,0.0,0.0,0.0,0.0,0.0,0.0,0.0,0.0,0.0,0.0,0.0,0.0,0.0,0.0,0.0,0.0,0.0,0.0,0.0,0.0
1.0,1.0,2.0,3.0,5.0,3.0,0.0,1.0,0.0,1.0,0.0,0.0,0.0,28.0,23.0,19.0,0.0,8.0,16.0,22.0,21.0,14.0,4.0,6.0,13.0,12.0,7.0,0.0,0.0,0.0,0.0,0.0,0.0,0.0,0.0,0.0,0.0,0.0,0.0,0.0,0.0,0.0,0.0,0.0,0.0,0.0,0.0,0.0,0.0,0.0
0.0,3.0,2.0,5.0,0.0,0.0,0.0,0.0,0.0,0.0,0.0,0.0,0.0,24.0,13.0,26.0,3.0,6.0,11.0,19.0,9.0,3.0,3.0,2.0,9.0,26.0,12.0,0.0,0.0,0.0,0.0,0.0,0.0,0.0,0.0,0.0,0.0,0.0,0.0,0.0,0.0,0.0,0.0,0.0,0.0,0.0,0.0,0.0,0.0,0.0
0.0,3.0,5.0,2.0,3.0,1.0,0.0,1.0,0.0,1.0,0.0,0.0,0.0,26.0,28.0,44.0,1.0,15.0,20.0,14.0,9.0,14.0,5.0,11.0,7.0,22.0,23.0,0.0,0.0,0.0,0.0,0.0,0.0,0.0,0.0,0.0,0.0,0.0,0.0,0.0,0.0,0.0,0.0,0.0,0.0,0.0,0.0,0.0,0.0,0.0
2.0,1.0,3.0,0.0,1.0,6.0,0.0,1.0,1.0,0.0,1.0,0.0,1.0,33.0,30.0,33.0,6.0,9.0,18.0,25.0,13.0,11.0,12.0,6.0,10.0,27.0,21.0,0.0,0.0,0.0,0.0,0.0,0.0,0.0,0.0,0.0,0.0,0.0,0.0,0.0,0.0,0.0,0.0,0.0,0.0,0.0,0.0,0.0,0.0,0.0
0.0,2.0,3.0,4.0,2.0,2.0,0.0,0.0,0.0,0.0,0.0,0.0,0.0,23.0,21.0,18.0,8.0,19.0,15.0,22.0,16.0,7.0,3.0,11.0,9.0,34.0,18.0,0.0,0.0,0.0,0.0,0.0,0.0,0.0,0.0,0.0,0.0,0.0,0.0,0.0,0.0,0.0,0.0,0.0,0.0,0.0,0.0,0.0,0.0,0.0
1.0,6.0,1.0,1.0,0.0,0.0,0.0,1.0,0.0,1.0,0.0,0.0,0.0,26.0,18.0,24.0,2.0,16.0,27.0,22.0,22.0,10.0,4.0,9.0,11.0,25.0,21.0,0.0,0.0,0.0,0.0,0.0,0.0,0.0,0.0,0.0,0.0,0.0,0.0,0.0,0.0,0.0,0.0,0.0,0.0,0.0,0.0,0.0,0.0,0.0
0.0,4.0,3.0,0.0,2.0,3.0,0.0,1.0,0.0,1.0,0.0,0.0,0.0,40.0,29.0,32.0,3.0,14.0,16.0,21.0,18.0,17.0,5.0,8.0,11.0,20.0,15.0,0.0,0.0,0.0,0.0,0.0,0.0,0.0,0.0,0.0,0.0,0.0,0.0,0.0,0.0,0.0,0.0,0.0,0.0,0.0,0.0,0.0,0.0,0.0
0.0,4.0,4.0,2.0,3.0,2.0,0.0,2.0,2.0,1.0,0.0,0.0,0.0,26.0,11.0,27.0,4.0,20.0,13.0,25.0,18.0,14.0,2.0,0.0,10.0,16.0,21.0,0.0,0.0,0.0,0.0,0.0,0.0,0.0,0.0,0.0,0.0,0.0,0.0,0.0,0.0,0.0,0.0,0.0,0.0,0.0,0.0,0.0,0.0,0.0
1.0,6.0,11.0,9.0,10.0,2.0,0.0,2.0,1.0,0.0,0.0,1.0,0.0,12.0,19.0,24.0,8.0,29.0,24.0,33.0,15.0,8.0,7.0,10.0,11.0,33.0,19.0,0.0,0.0,0.0,0.0,0.0,481.0,0.0,0.0,0.0,0.0,0.0,0.0,0.0,0.0,0.0,0.0,0.0,0.0,0.0,0.0,0.0,0.0,0.0
0.0,4.0,4.0,8.0,4.0,1.0,0.0,2.0,2.0,1.0,0.0,1.0,0.0,23.0,34.0,31.0,2.0,16.0,29.0,35.0,31.0,19.0,8.0,9.0,23.0,40.0,29.0,14.0,0.0,0.0,0.0,0.0,0.0,0.0,0.0,0.0,0.0,0.0,0.0,0.0,0.0,0.0,0.0,0.0,0.0,0.0,0.0,0.0,0.0,0.0
0.0,6.0,3.0,8.0,5.0,4.0,0.0,3.0,0.0,0.0,0.0,0.0,0.0,22.0,30.0,26.0,3.0,13.0,20.0,30.0,24.0,19.0,3.0,6.0,5.0,41.0,29.0,14.0,0.0,0.0,0.0,0.0,2.0,0.0,0.0,0.0,0.0,0.0,0.0,0.0,0.0,0.0,0.0,0.0,0.0,0.0,0.0,0.0,0.0,0.0
1.0,5.0,1.0,4.0,1.0,1.0,0.0,2.0,1.0,0.0,0.0,1.0,0.0,19.0,26.0,23.0,5.0,7.0,14.0,39.0,25.0,25.0,4.0,13.0,17.0,42.0,26.0,12.0,0.0,0.0,0.0,0.0,0.0,0.0,0.0,0.0,0.0,0.0,0.0,0.0,0.0,0.0,0.0,0.0,0.0,0.0,0.0,0.0,0.0,0.0
0.0,4.0,2.0,2.0,2.0,2.0,0.0,0.0,0.0,0.0,0.0,0.0,0.0,25.0,13.0,29.0,5.0,18.0,33.0,37.0,25.0,14.0,11.0,8.0,4.0,26.0,23.0,15.0,0.0,0.0,0.0,0.0,0.0,0.0,0.0,0.0,0.0,0.0,0.0,0.0,0.0,0.0,0.0,0.0,0.0,0.0,0.0,0.0,0.0,0.0
0.0,1.0,4.0,2.0,3.0,4.0,0.0,2.0,0.0,0.0,0.0,2.0,0.0,20.0,20.0,29.0,3.0,14.0,24.0,15.0,11.0,11.0,9.0,9.0,14.0,41.0,16.0,16.0,0.0,0.0,0.0,0.0,0.0,0.0,0.0,0.0,0.0,0.0,0.0,0.0,0.0,0.0,0.0,0.0,0.0,0.0,0.0,0.0,0.0,0.0
0.0,0.0,0.0,3.0,2.0,2.0,0.0,0.0,0.0,0.0,0.0,0.0,0.0,25.0,17.0,34.0,4.0,9.0,22.0,17.0,10.0,18.0,7.0,12.0,10.0,17.0,21.0,6.0,0.0,0.0,0.0,0.0,0.0,0.0,0.0,0.0,0.0,0.0,0.0,0.0,0.0,0.0,0.0,0.0,0.0,0.0,0.0,0.0,0.0,0.0
2.0,2.0,3.0,1.0,1.0,1.0,0.0,0.0,1.0,0.0,0.0,0.0,1.0,21.0,20.0,20.0,1.0,10.0,22.0,10.0,16.0,12.0,3.0,9.0,15.0,23.0,15.0,2.0,0.0,0.0,0.0,0.0,0.0,0.0,0.0,0.0,0.0,0.0,0.0,0.0,0.0,0.0,0.0,0.0,0.0,0.0,0.0,0.0,0.0,0.0
0.0,1.0,2.0,2.0,3.0,0.0,0.0,1.0,0.0,0.0,2.0,0.0,0.0,38.0,29.0,37.0,4.0,12.0,32.0,27.0,12.0,10.0,8.0,14.0,20.0,41.0,25.0,12.0,0.0,0.0,0.0,0.0,0.0,0.0,0.0,0.0,0.0,0.0,0.0,0.0,0.0,0.0,0.0,0.0,0.0,0.0,0.0,0.0,0.0,0.0
0.0,4.0,2.0,2.0,1.0,1.0,0.0,1.0,0.0,1.0,0.0,1.0,0.0,22.0,12.0,25.0,4.0,7.0,21.0,29.0,22.0,14.0,5.0,16.0,12.0,21.0,27.0,8.0,0.0,0.0,0.0,0.0,0.0,0.0,0.0,0.0,0.0,0.0,0.0,0.0,0.0,0.0,0.0,0.0,0.0,0.0,0.0,0.0,0.0,0.0
1.0,2.0,0.0,2.0,1.0,0.0,4.0,1.0,0.0,0.0,0.0,0.0,1.0,19.0,27.0,22.0,1.0,12.0,22.0,23.0,18.0,9.0,11.0,8.0,6.0,21.0,15.0,7.0,0.0,0.0,0.0,0.0,0.0,0.0,0.0,0.0,0.0,0.0,0.0,0.0,0.0,0.0,0.0,0.0,0.0,0.0,0.0,0.0,0.0,0.0
2.0,1.0,5.0,2.0,1.0,4.0,2.0,1.0,0.0,1.0,0.0,0.0,0.0,33.0,18.0,15.0,6.0,13.0,19.0,27.0,12.0,6.0,10.0,8.0,10.0,40.0,18.0,6.0,0.0,0.0,0.0,0.0,0.0,0.0,0.0,0.0,0.0,0.0,0.0,0.0,0.0,0.0,0.0,0.0,0.0,0.0,0.0,0.0,0.0,0.0
3.0,1.0,3.0,1.0,3.0,3.0,2.0,2.0,0.0,0.0,0.0,0.0,1.0,20.0,18.0,19.0,3.0,13.0,21.0,24.0,20.0,17.0,2.0,14.0,13.0,19.0,18.0,12.0,0.0,0.0,0.0,0.0,0.0,0.0,0.0,0.0,0.0,0.0,0.0,0.0,0.0,0.0,0.0,0.0,0.0,0.0,0.0,0.0,0.0,0.0
0.0,1.0,3.0,0.0,0.0,2.0,1.0,0.0,0.0,0.0,0.0,0.0,0.0,14.0,23.0,23.0,6.0,7.0,12.0,27.0,17.0,7.0,6.0,4.0,12.0,16.0,16.0,5.0,0.0,0.0,0.0,0.0,0.0,0.0,0.0,0.0,0.0,0.0,0.0,0.0,0.0,0.0,0.0,0.0,0.0,0.0,0.0,0.0,0.0,0.0
0.0,2.0,2.0,2.0,4.0,1.0,1.0,2.0,0.0,0.0,0.0,0.0,0.0,22.0,13.0,23.0,8.0,18.0,31.0,21.0,11.0,12.0,3.0,10.0,11.0,19.0,17.0,6.0,0.0,0.0,0.0,0.0,0.0,0.0,0.0,0.0,0.0,0.0,0.0,0.0,0.0,0.0,0.0,0.0,0.0,0.0,0.0,0.0,0.0,0.0
1.0,1.0,0.0,4.0,2.0,1.0,1.0,0.0,1.0,0.0,0.0,0.0,0.0,25.0,23.0,22.0,3.0,3.0,25.0,26.0,19.0,15.0,5.0,7.0,18.0,30.0,22.0,5.0,0.0,0.0,0.0,0.0,0.0,0.0,0.0,0.0,0.0,0.0,0.0,0.0,0.0,0.0,0.0,0.0,0.0,0.0,0.0,0.0,0.0,0.0
1.0,3.0,3.0,1.0,6.0,2.0,4.0,2.0,0.0,0.0,1.0,0.0,0.0,20.0,16.0,31.0,15.0,9.0,17.0,20.0,15.0,13.0,7.0,9.0,14.0,27.0,14.0,10.0,0.0,0.0,0.0,0.0,0.0,0.0,0.0,0.0,0.0,0.0,0.0,0.0,0.0,0.0,0.0,0.0,0.0,0.0,0.0,0.0,0.0,0.0
5.0,2.0,4.0,1.0,4.0,1.0,0.0,2.0,0.0,0.0,0.0,0.0,0.0,17.0,23.0,24.0,4.0,13.0,19.0,18.0,13.0,9.0,5.0,8.0,22.0,28.0,25.0,3.0,0.0,0.0,0.0,0.0,0.0,0.0,0.0,0.0,0.0,0.0,0.0,0.0,0.0,0.0,0.0,0.0,0.0,0.0,0.0,0.0,0.0,0.0
0.0,3.0,3.0,2.0,3.0,3.0,3.0,1.0,0.0,0.0,1.0,0.0,0.0,15.0,21.0,20.0,1.0,11.0,28.0,24.0,11.0,8.0,9.0,7.0,10.0,16.0,24.0,5.0,0.0,0.0,0.0,0.0,0.0,0.0,0.0,0.0,0.0,0.0,0.0,0.0,0.0,0.0,0.0,0.0,0.0,0.0,0.0,0.0,0.0,0.0
1.0,1.0,3.0,5.0,1.0,2.0,1.0,0.0,0.0,1.0,0.0,0.0,0.0,16.0,17.0,12.0,6.0,7.0,15.0,22.0,15.0,12.0,7.0,13.0,10.0,30.0,15.0,4.0,0.0,0.0,0.0,0.0,0.0,0.0,0.0,0.0,0.0,0.0,0.0,0.0,0.0,0.0,0.0,0.0,0.0,0.0,0.0,0.0,0.0,0.0
1.0,0.0,4.0,1.0,0.0,0.0,1.0,0.0,0.0,0.0,0.0,1.0,0.0,30.0,5.0,16.0,7.0,6.0,21.0,23.0,12.0,6.0,7.0,5.0,8.0,24.0,19.0,8.0,0.0,0.0,0.0,0.0,0.0,0.0,0.0,0.0,0.0,0.0,0.0,0.0,0.0,0.0,0.0,0.0,0.0,0.0,0.0,0.0,0.0,0.0
0.0,2.0,3.0,4.0,1.0,2.0,2.0,3.0,0.0,0.0,0.0,0.0,0.0,23.0,22.0,18.0,3.0,8.0,15.0,14.0,14.0,7.0,4.0,8.0,12.0,18.0,12.0,14.0,0.0,0.0,0.0,0.0,0.0,0.0,0.0,0.0,0.0,0.0,0.0,0.0,0.0,0.0,0.0,0.0,0.0,0.0,0.0,0.0,0.0,0.0
0.0,4.0,0.0,5.0,1.0,1.0,2.0,0.0,0.0,0.0,0.0,0.0,0.0,22.0,20.0,26.0,1.0,13.0,19.0,17.0,11.0,8.0,4.0,8.0,14.0,28.0,9.0,12.0,0.0,0.0,0.0,0.0,0.0,0.0,0.0,0.0,0.0,0.0,0.0,0.0,0.0,0.0,0.0,0.0,0.0,0.0,0.0,0.0,0.0,0.0
0.0,4.0,2.0,1.0,2.0,0.0,3.0,1.0,0.0,0.0,0.0,0.0,0.0,25.0,18.0,31.0,4.0,4.0,21.0,38.0,24.0,9.0,7.0,7.0,11.0,29.0,21.0,13.0,0.0,0.0,0.0,0.0,0.0,0.0,0.0,0.0,0.0,0.0,0.0,0.0,0.0,0.0,0.0,0.0,0.0,0.0,0.0,0.0,0.0,0.0
0.0,6.0,1.0,4.0,3.0,0.0,3.0,1.0,0.0,0.0,0.0,0.0,0.0,18.0,25.0,22.0,7.0,16.0,20.0,28.0,16.0,11.0,3.0,6.0,12.0,24.0,18.0,15.0,0.0,0.0,0.0,0.0,0.0,0.0,0.0,0.0,0.0,0.0,0.0,0.0,0.0,0.0,0.0,0.0,0.0,0.0,0.0,0.0,0.0,0.0
0.0,1.0,4.0,3.0,6.0,3.0,0.0,2.0,1.0,0.0,0.0,0.0,0.0,17.0,21.0,27.0,5.0,10.0,35.0,31.0,28.0,11.0,7.0,8.0,10.0,33.0,20.0,20.0,0.0,0.0,0.0,0.0,0.0,0.0,0.0,0.0,0.0,0.0,0.0,0.0,0.0,0.0,0.0,0.0,0.0,0.0,0.0,0.0,0.0,0.0
0.0,0.0,2.0,2.0,5.0,5.0,1.0,0.0,0.0,0.0,1.0,0.0,0.0,19.0,23.0,23.0,3.0,9.0,34.0,33.0,9.0,7.0,8.0,8.0,18.0,36.0,22.0,22.0,0.0,0.0,0.0,0.0,0.0,0.0,0.0,0.0,0.0,0.0,0.0,0.0,0.0,0.0,0.0,0.0,0.0,0.0,0.0,0.0,0.0,0.0
2.0,8.0,4.0,2.0,5.0,3.0,0.0,0.0,0.0,0.0,0.0,0.0,0.0,11.0,16.0,19.0,26.0,87.0,45.0,42.0,119.0,69.0,13.0,19.0,66.0,164.0,110.0,108.0,0.0,0.0,0.0,0.0,0.0,0.0,0.0,0.0,0.0,0.0,0.0,0.0,0.0,0.0,0.0,0.0,0.0,0.0,0.0,0.0,0.0,0.0
0.0,4.0,2.0,0.0,3.0,0.0,0.0,0.0,0.0,0.0,0.0,1.0,0.0,27.0,16.0,18.0,3.0,13.0,20.0,18.0,8.0,11.0,4.0,10.0,13.0,24.0,26.0,14.0,0.0,0.0,0.0,0.0,0.0,0.0,0.0,0.0,0.0,0.0,0.0,0.0,0.0,0.0,0.0,0.0,0.0,0.0,0.0,0.0,0.0,0.0
0.0,8.0,15.0,14.0,13.0,11.0,7.0,5.0,0.0,1.0,0.0,1.0,0.0,24.0,26.0,28.0,9.0,11.0,23.0,33.0,11.0,7.0,10.0,17.0,13.0,39.0,21.0,12.0,0.0,0.0,0.0,0.0,0.0,0.0,0.0,0.0,0.0,0.0,0.0,0.0,0.0,0.0,0.0,0.0,0.0,0.0,0.0,0.0,0.0,0.0
0.0,9.0,11.0,6.0,11.0,4.0,3.0,1.0,0.0,0.0,0.0,0.0,0.0,19.0,26.0,25.0,6.0,13.0,27.0,25.0,17.0,16.0,7.0,9.0,11.0,31.0,18.0,15.0,0.0,0.0,0.0,0.0,0.0,0.0,0.0,0.0,0.0,0.0,0.0,0.0,0.0,0.0,0.0,0.0,0.0,0.0,0.0,0.0,0.0,0.0
1.0,12.0,11.0,20.0,20.0,13.0,2.0,6.0,0.0,0.0,0.0,0.0,0.0,25.0,16.0,21.0,6.0,13.0,32.0,27.0,14.0,11.0,2.0,9.0,15.0,25.0,22.0,18.0,0.0,0.0,0.0,0.0,0.0,0.0,0.0,0.0,0.0,0.0,0.0,0.0,0.0,0.0,0.0,0.0,0.0,0.0,0.0,0.0,0.0,0.0
1.0,3.0,8.0,5.0,6.0,5.0,3.0,3.0,2.0,0.0,0.0,1.0,0.0,10.0,16.0,19.0,2.0,6.0,16.0,18.0,12.0,5.0,6.0,7.0,12.0,12.0,22.0,12.0,0.0,0.0,0.0,0.0,0.0,0.0,0.0,0.0,0.0,0.0,0.0,0.0,0.0,0.0,0.0,0.0,0.0,0.0,0.0,0.0,0.0,0.0
0.0,6.0,6.0,5.0,9.0,3.0,3.0,3.0,0.0,1.0,0.0,0.0,1.0,16.0,11.0,10.0,3.0,9.0,22.0,37.0,9.0,7.0,7.0,11.0,16.0,32.0,20.0,10.0,0.0,0.0,0.0,0.0,0.0,0.0,0.0,0.0,0.0,0.0,0.0,0.0,0.0,0.0,0.0,0.0,0.0,0.0,0.0,0.0,0.0,0.0
1.0,19.0,45.0,26.0,20.0,9.0,10.0,6.0,1.0,0.0,0.0,0.0,0.0,37.0,23.0,38.0,0.0,7.0,21.0,24.0,12.0,9.0,5.0,9.0,16.0,26.0,6.0,9.0,0.0,0.0,0.0,0.0,0.0,0.0,0.0,0.0,0.0,0.0,0.0,0.0,0.0,0.0,0.0,0.0,0.0,0.0,0.0,0.0,0.0,0.0
1.0,28.0,40.0,29.0,37.0,18.0,5.0,9.0,0.0,0.0,0.0,0.0,0.0,16.0,17.0,16.0,1.0,8.0,18.0,25.0,10.0,9.0,7.0,6.0,5.0,22.0,11.0,18.0,0.0,0.0,0.0,0.0,0.0,0.0,0.0,0.0,0.0,0.0,0.0,0.0,0.0,0.0,0.0,0.0,0.0,0.0,0.0,0.0,0.0,0.0
1.0,17.0,18.0,11.0,12.0,4.0,4.0,3.0,1.0,0.0,2.0,0.0,0.0,15.0,17.0,27.0,2.0,7.0,15.0,36.0,13.0,7.0,4.0,9.0,10.0,28.0,15.0,12.0,0.0,0.0,0.0,0.0,0.0,0.0,0.0,0.0,0.0,0.0,0.0,0.0,0.0,0.0,0.0,0.0,0.0,0.0,0.0,0.0,0.0,0.0
2.0,7.0,15.0,8.0,16.0,11.0,4.0,3.0,1.0,0.0,0.0,0.0,0.0,31.0,21.0,24.0,5.0,13.0,14.0,19.0,11.0,9.0,5.0,5.0,9.0,20.0,19.0,10.0,0.0,0.0,0.0,0.0,0.0,0.0,0.0,0.0,0.0,0.0,0.0,0.0,0.0,0.0,0.0,0.0,0.0,0.0,0.0,0.0,0.0,0.0
0.0,17.0,14.0,11.0,13.0,8.0,8.0,7.0,1.0,0.0,0.0,0.0,0.0,22.0,19.0,21.0,11.0,9.0,22.0,16.0,9.0,7.0,3.0,14.0,14.0,32.0,22.0,13.0,0.0,0.0,0.0,0.0,0.0,0.0,0.0,0.0,0.0,0.0,0.0,0.0,0.0,0.0,0.0,0.0,0.0,0.0,0.0,0.0,0.0,0.0
1.0,15.0,14.0,11.0,13.0,8.0,3.0,3.0,0.0,1.0,0.0,1.0,0.0,20.0,31.0,15.0,4.0,3.0,11.0,25.0,7.0,6.0,4.0,8.0,9.0,24.0,18.0,25.0,0.0,0.0,0.0,0.0,0.0,0.0,0.0,0.0,0.0,0.0,0.0,0.0,0.0,0.0,0.0,0.0,0.0,0.0,0.0,0.0,0.0,0.0
2.0,24.0,18.0,17.0,4.0,4.0,4.0,3.0,0.0,1.0,0.0,0.0,1.0,16.0,26.0,22.0,6.0,12.0,16.0,23.0,12.0,5.0,5.0,6.0,12.0,21.0,12.0,16.0,0.0,0.0,0.0,0.0,0.0,0.0,0.0,0.0,0.0,0.0,0.0,0.0,0.0,0.0,0.0,0.0,0.0,0.0,0.0,0.0,0.0,0.0
0.0,16.0,19.0,10.0,12.0,4.0,8.0,0.0,0.0,1.0,0.0,0.0,0.0,15.0,14.0,18.0,12.0,9.0,15.0,24.0,13.0,5.0,2.0,6.0,10.0,19.0,10.0,18.0,0.0,0.0,0.0,0.0,0.0,0.0,0.0,0.0,0.0,0.0,0.0,0.0,0.0,0.0,0.0,0.0,0.0,0.0,0.0,0.0,0.0,0.0
1.0,7.0,19.0,11.0,15.0,10.0,7.0,4.0,0.0,0.0,0.0,0.0,0.0,15.0,15.0,20.0,4.0,4.0,15.0,24.0,13.0,4.0,6.0,4.0,8.0,25.0,14.0,13.0,0.0,0.0,0.0,0.0,0.0,0.0,0.0,0.0,0.0,0.0,0.0,0.0,0.0,0.0,0.0,0.0,0.0,0.0,0.0,0.0,0.0,0.0
1.0,19.0,14.0,15.0,8.0,16.0,5.0,3.0,0.0,0.0,0.0,0.0,0.0,28.0,20.0,19.0,9.0,10.0,16.0,24.0,8.0,10.0,7.0,6.0,9.0,17.0,16.0,12.0,0.0,0.0,0.0,0.0,0.0,0.0,0.0,0.0,0.0,0.0,0.0,0.0,0.0,0.0,0.0,0.0,0.0,0.0,0.0,0.0,0.0,0.0
1.0,68.0,83.0,69.0,89.0,54.0,33.0,47.0,1.0,0.0,0.0,0.0,0.0,21.0,31.0,12.0,1.0,5.0,14.0,19.0,10.0,2.0,6.0,6.0,8.0,22.0,9.0,12.0,0.0,0.0,0.0,0.0,0.0,0.0,0.0,0.0,0.0,0.0,0.0,0.0,0.0,0.0,0.0,0.0,0.0,0.0,0.0,0.0,0.0,0.0
1.0,209.0,297.0,268.0,208.0,154.0,91.0,89.0,1.0,1.0,3.0,0.0,2.0,12.0,15.0,22.0,4.0,9.0,23.0,24.0,9.0,9.0,5.0,6.0,10.0,22.0,18.0,16.0,0.0,0.0,0.0,0.0,0.0,0.0,0.0,0.0,0.0,0.0,0.0,0.0,0.0,0.0,0.0,0.0,0.0,0.0,0.0,0.0,0.0,0.0
0.0,256.0,275.0,243.0,248.0,166.0,90.0,95.0,1.0,1.0,1.0,0.0,1.0,13.0,18.0,15.0,8.0,12.0,19.0,20.0,10.0,12.0,3.0,8.0,10.0,17.0,14.0,22.0,0.0,0.0,0.0,0.0,0.0,0.0,0.0,0.0,0.0,0.0,0.0,0.0,0.0,0.0,0.0,0.0,0.0,0.0,0.0,0.0,0.0,0.0
0.0,208.0,287.0,245.0,230.0,148.0,0.0,76.0,4.0,0.0,0.0,0.0,1.0,16.0,14.0,16.0,5.0,9.0,12.0,11.0,9.0,7.0,5.0,6.0,6.0,15.0,9.0,15.0,0.0,0.0,0.0,0.0,0.0,0.0,0.0,0.0,0.0,0.0,0.0,0.0,0.0,0.0,0.0,0.0,0.0,0.0,0.0,0.0,0.0,0.0
1.0,229.0,264.0,221.0,230.0,146.0,10.0,52.0,15.0,12.0,18.0,26.0,25.0,16.0,22.0,18.0,8.0,10.0,10.0,15.0,7.0,4.0,9.0,10.0,10.0,18.0,9.0,12.0,0.0,0.0,0.0,0.0,0.0,0.0,0.0,0.0,0.0,0.0,0.0,0.0,0.0,0.0,0.0,0.0,0.0,0.0,0.0,0.0,0.0,0.0
0.0,173.0,197.0,174.0,182.0,129.0,64.0,64.0,10.0,3.0,8.0,11.0,12.0,19.0,17.0,13.0,3.0,4.0,19.0,15.0,13.0,4.0,2.0,1.0,7.0,23.0,12.0,11.0,0.0,0.0,0.0,0.0,0.0,0.0,0.0,0.0,0.0,0.0,0.0,0.0,0.0,0.0,0.0,0.0,0.0,0.0,0.0,0.0,0.0,0.0
0.0,120.0,152.0,136.0,140.0,109.0,50.0,49.0,10.0,2.0,3.0,8.0,3.0,12.0,17.0,20.0,4.0,8.0,8.0,8.0,10.0,7.0,6.0,7.0,9.0,21.0,20.0,20.0,0.0,0.0,0.0,0.0,0.0,0.0,0.0,0.0,0.0,0.0,0.0,0.0,0.0,0.0,0.0,0.0,0.0,0.0,0.0,0.0,0.0,0.0
3.0,134.0,145.0,139.0,136.0,97.0,55.0,51.0,11.0,10.0,6.0,10.0,4.0,14.0,20.0,13.0,5.0,10.0,24.0,23.0,12.0,4.0,3.0,5.0,5.0,17.0,12.0,14.0,0.0,0.0,0.0,0.0,0.0,0.0,0.0,0.0,0.0,0.0,0.0,0.0,0.0,0.0,0.0,0.0,0.0,0.0,0.0,0.0,0.0,0.0
1.0,172.0,173.0,138.0,167.0,112.0,40.0,42.0,15.0,11.0,6.0,4.0,16.0,19.0,14.0,16.0,1.0,7.0,17.0,15.0,6.0,7.0,8.0,8.0,8.0,20.0,7.0,17.0,0.0,0.0,0.0,0.0,0.0,0.0,0.0,0.0,0.0,0.0,0.0,0.0,0.0,0.0,0.0,0.0,0.0,0.0,0.0,0.0,0.0,0.0
0.0,163.0,179.0,155.0,159.0,104.0,51.0,59.0,1.0,6.0,4.0,12.0,4.0,13.0,14.0,14.0,2.0,9.0,30.0,28.0,11.0,9.0,4.0,3.0,6.0,16.0,11.0,16.0,0.0,0.0,0.0,0.0,0.0,0.0,0.0,0.0,0.0,0.0,0.0,0.0,0.0,0.0,0.0,0.0,0.0,0.0,0.0,0.0,0.0,0.0
0.0,134.0,179.0,139.0,154.0,118.0,42.0,47.0,14.0,9.0,11.0,8.0,11.0,13.0,16.0,9.0,3.0,9.0,22.0,27.0,7.0,4.0,6.0,5.0,8.0,17.0,19.0,20.0,0.0,0.0,0.0,0.0,0.0,0.0,0.0,0.0,0.0,0.0,0.0,0.0,0.0,0.0,0.0,0.0,0.0,0.0,0.0,0.0,0.0,0.0
1.0,103.0,144.0,89.0,113.0,80.0,37.0,37.0,24.0,23.0,32.0,17.0,17.0,13.0,10.0,16.0,3.0,9.0,16.0,15.0,5.0,2.0,3.0,5.0,12.0,26.0,6.0,16.0,0.0,0.0,0.0,0.0,0.0,0.0,0.0,0.0,0.0,0.0,0.0,0.0,0.0,0.0,0.0,0.0,0.0,0.0,0.0,0.0,0.0,0.0
1.0,139.0,151.0,147.0,143.0,72.0,53.0,60.0,45.0,44.0,32.0,31.0,18.0,8.0,10.0,23.0,2.0,5.0,19.0,20.0,7.0,6.0,4.0,9.0,9.0,8.0,15.0,13.0,0.0,0.0,0.0,0.0,0.0,0.0,0.0,0.0,0.0,0.0,0.0,0.0,0.0,0.0,0.0,0.0,0.0,0.0,0.0,0.0,0.0,0.0
1.0,86.0,153.0,114.0,111.0,75.0,24.0,33.0,25.0,26.0,24.0,19.0,14.0,15.0,9.0,17.0,5.0,8.0,25.0,12.0,10.0,10.0,8.0,7.0,9.0,16.0,13.0,18.0,0.0,0.0,0.0,0.0,0.0,0.0,0.0,0.0,0.0,0.0,0.0,0.0,0.0,0.0,0.0,0.0,0.0,0.0,0.0,0.0,0.0,0.0
0.0,217.0,186.0,102.0,91.0,56.0,43.0,30.0,38.0,23.0,9.0,18.0,13.0,19.0,13.0,23.0,1.0,3.0,23.0,24.0,9.0,5.0,6.0,8.0,11.0,13.0,13.0,17.0,0.0,0.0,0.0,0.0,0.0,0.0,0.0,0.0,0.0,0.0,0.0,0.0,0.0,0.0,0.0,0.0,0.0,0.0,0.0,0.0,0.0,0.0
1.0,184.0,149.0,112.0,69.0,57.0,22.0,15.0,2.0,2.0,1.0,2.0,2.0,12.0,16.0,13.0,1.0,13.0,8.0,24.0,9.0,6.0,2.0,6.0,14.0,30.0,13.0,7.0,0.0,0.0,0.0,0.0,0.0,0.0,0.0,0.0,0.0,0.0,0.0,0.0,0.0,0.0,0.0,0.0,0.0,0.0,0.0,0.0,0.0,0.0
2.0,219.0,198.0,149.0,124.0,79.0,34.0,45.0,0.0,7.0,4.0,0.0,1.0,14.0,15.0,27.0,8.0,15.0,18.0,14.0,7.0,8.0,5.0,13.0,5.0,34.0,11.0,0.0,0.0,0.0,0.0,0.0,0.0,0.0,0.0,0.0,0.0,0.0,0.0,0.0,0.0,0.0,0.0,0.0,0.0,0.0,0.0,0.0,0.0,0.0
3.0,100.0,92.0,64.0,101.0,54.0,25.0,27.0,2.0,1.0,2.0,1.0,2.0,12.0,14.0,15.0,9.0,11.0,27.0,17.0,8.0,11.0,5.0,5.0,12.0,14.0,14.0,0.0,0.0,0.0,0.0,0.0,0.0,0.0,0.0,0.0,0.0,0.0,0.0,0.0,0.0,0.0,0.0,0.0,0.0,0.0,0.0,0.0,0.0,0.0
1.0,77.0,71.0,78.0,61.0,51.0,37.0,29.0,1.0,3.0,2.0,2.0,1.0,17.0,20.0,13.0,3.0,6.0,21.0,17.0,5.0,0.0,7.0,4.0,2.0,10.0,8.0,0.0,0.0,0.0,0.0,0.0,0.0,0.0,0.0,0.0,0.0,0.0,0.0,0.0,0.0,0.0,0.0,0.0,0.0,0.0,0.0,0.0,0.0,0.0
0.0,47.0,53.0,57.0,81.0,41.0,19.0,22.0,0.0,1.0,1.0,1.0,1.0,11.0,12.0,14.0,3.0,12.0,14.0,13.0,3.0,5.0,3.0,5.0,6.0,16.0,12.0,0.0,3288.0,2957.0,3457.0,2855.0,0.0,0.0,0.0,0.0,0.0,0.0,0.0,0.0,0.0,0.0,0.0,0.0,0.0,0.0,0.0,0.0,0.0,0.0
0.0,95.0,110.0,78.0,47.0,26.0,20.0,19.0,2.0,2.0,1.0,8.0,5.0,24.0,13.0,16.0,12.0,12.0,17.0,22.0,14.0,5.0,5.0,8.0,9.0,27.0,11.0,0.0,1369.0,1217.0,1335.0,1066.0,0.0,0.0,0.0,0.0,0.0,0.0,0.0,0.0,0.0,0.0,0.0,0.0,0.0,0.0,0.0,0.0,0.0,0.0
1.0,146.0,165.0,120.0,45.0,30.0,26.0,27.0,2.0,2.0,6.0,9.0,1.0,16.0,13.0,15.0,4.0,16.0,16.0,15.0,11.0,8.0,5.0,9.0,7.0,12.0,27.0,0.0,5.0,6.0,5.0,6.0,0.0,0.0,0.0,0.0,0.0,0.0,0.0,0.0,0.0,0.0,0.0,0.0,0.0,0.0,0.0,0.0,0.0,0.0
0.0,116.0,127.0,104.0,95.0,56.0,35.0,27.0,1.0,5.0,16.0,8.0,7.0,19.0,9.0,13.0,4.0,14.0,21.0,13.0,9.0,7.0,2.0,4.0,9.0,17.0,5.0,0.0,0.0,0.0,0.0,0.0,0.0,0.0,0.0,0.0,0.0,0.0,0.0,0.0,0.0,0.0,0.0,0.0,0.0,0.0,0.0,0.0,0.0,0.0
0.0,134.0,171.0,127.0,88.0,49.0,31.0,21.0,11.0,9.0,10.0,6.0,2.0,16.0,5.0,7.0,5.0,21.0,13.0,14.0,4.0,8.0,5.0,2.0,7.0,8.0,17.0,0.0,0.0,0.0,0.0,0.0,0.0,0.0,0.0,0.0,0.0,0.0,0.0,0.0,0.0,0.0,0.0,0.0,0.0,0.0,0.0,0.0,0.0,0.0
0.0,87.0,98.0,109.0,75.0,48.0,19.0,30.0,3.0,1.0,5.0,2.0,1.0,14.0,16.0,11.0,8.0,9.0,16.0,14.0,10.0,6.0,3.0,6.0,6.0,15.0,13.0,0.0,0.0,0.0,0.0,0.0,0.0,0.0,0.0,0.0,0.0,0.0,0.0,0.0,0.0,0.0,0.0,0.0,0.0,0.0,0.0,0.0,0.0,0.0
0.0,125.0,164.0,126.0,132.0,89.0,32.0,26.0,14.0,10.0,5.0,11.0,7.0,9.0,15.0,12.0,3.0,13.0,16.0,14.0,6.0,7.0,2.0,3.0,9.0,16.0,14.0,0.0,0.0,0.0,0.0,0.0,0.0,0.0,0.0,0.0,0.0,0.0,0.0,0.0,0.0,0.0,0.0,0.0,0.0,0.0,0.0,0.0,0.0,0.0
0.0,176.0,210.0,133.0,78.0,66.0,23.0,18.0,1.0,0.0,3.0,1.0,0.0,10.0,7.0,20.0,9.0,8.0,18.0,17.0,7.0,8.0,5.0,5.0,6.0,8.0,7.0,0.0,0.0,0.0,0.0,0.0,0.0,0.0,0.0,0.0,0.0,0.0,0.0,0.0,0.0,0.0,0.0,0.0,0.0,0.0,0.0,0.0,0.0,0.0
0.0,53.0,66.0,0.0,76.0,50.0,14.0,20.0,15.0,32.0,83.0,23.0,11.0,14.0,24.0,19.0,8.0,12.0,15.0,28.0,11.0,7.0,4.0,8.0,6.0,15.0,10.0,0.0,0.0,0.0,0.0,0.0,0.0,0.0,0.0,0.0,0.0,0.0,0.0,0.0,0.0,0.0,0.0,0.0,0.0,0.0,0.0,0.0,0.0,0.0
1.0,121.0,122.0,54.0,82.0,55.0,21.0,36.0,19.0,24.0,85.0,17.0,12.0,20.0,21.0,14.0,10.0,19.0,19.0,26.0,7.0,5.0,6.0,6.0,9.0,15.0,14.0,0.0,0.0,0.0,0.0,0.0,0.0,0.0,0.0,0.0,0.0,0.0,0.0,0.0,0.0,0.0,0.0,0.0,0.0,0.0,0.0,0.0,0.0,0.0
2.0,82.0,90.0,80.0,73.0,50.0,28.0,16.0,6.0,3.0,4.0,1.0,6.0,19.0,13.0,15.0,9.0,12.0,18.0,17.0,10.0,7.0,7.0,6.0,6.0,14.0,12.0,1.0,0.0,0.0,0.0,0.0,0.0,0.0,0.0,0.0,0.0,0.0,0.0,0.0,0.0,0.0,0.0,0.0,0.0,0.0,0.0,0.0,0.0,0.0
2.0,78.0,73.0,70.0,66.0,32.0,18.0,17.0,1.0,2.0,1.0,2.0,1.0,13.0,10.0,17.0,7.0,34.0,22.0,18.0,5.0,8.0,6.0,8.0,5.0,7.0,14.0,1.0,0.0,0.0,14.0,0.0,0.0,0.0,0.0,0.0,0.0,0.0,0.0,0.0,0.0,0.0,0.0,0.0,0.0,0.0,0.0,0.0,0.0,0.0
5.0,118.0,117.0,86.0,64.0,48.0,20.0,19.0,1.0,1.0,1.0,3.0,4.0,6.0,15.0,12.0,6.0,12.0,15.0,18.0,10.0,8.0,5.0,1.0,5.0,16.0,11.0,0.0,0.0,0.0,0.0,0.0,0.0,0.0,0.0,0.0,0.0,0.0,0.0,0.0,0.0,0.0,0.0,0.0,0.0,0.0,0.0,0.0,0.0,0.0
0.0,150.0,166.0,103.0,104.0,80.0,21.0,26.0,3.0,5.0,6.0,4.0,0.0,10.0,9.0,16.0,2.0,7.0,13.0,22.0,6.0,5.0,3.0,4.0,5.0,10.0,13.0,0.0,0.0,0.0,0.0,0.0,0.0,0.0,0.0,0.0,0.0,0.0,0.0,0.0,0.0,0.0,0.0,0.0,0.0,0.0,0.0,0.0,0.0,0.0
1.0,83.0,93.0,75.0,56.0,30.0,16.0,10.0,0.0,1.0,1.0,0.0,0.0,14.0,15.0,13.0,5.0,13.0,6.0,10.0,3.0,3.0,7.0,3.0,4.0,9.0,3.0,0.0,0.0,0.0,0.0,0.0,0.0,0.0,0.0,0.0,0.0,0.0,0.0,0.0,0.0,0.0,0.0,0.0,0.0,0.0,0.0,0.0,0.0,0.0
1.0,40.0,41.0,37.0,34.0,32.0,12.0,14.0,0.0,1.0,1.0,1.0,1.0,13.0,7.0,9.0,10.0,22.0,21.0,14.0,7.0,7.0,7.0,6.0,8.0,28.0,22.0,4.0,0.0,0.0,3.0,0.0,0.0,0.0,0.0,0.0,0.0,0.0,0.0,0.0,0.0,0.0,0.0,0.0,0.0,0.0,0.0,0.0,0.0,0.0
1.0,63.0,85.0,68.0,76.0,73.0,33.0,11.0,1.0,3.0,0.0,5.0,4.0,23.0,6.0,15.0,10.0,9.0,11.0,16.0,6.0,2.0,7.0,9.0,9.0,17.0,6.0,17.0,0.0,0.0,0.0,0.0,0.0,0.0,0.0,0.0,0.0,0.0,0.0,0.0,0.0,0.0,0.0,0.0,0.0,0.0,0.0,0.0,0.0,0.0
1.0,68.0,92.0,80.0,56.0,42.0,12.0,32.0,1.0,0.0,0.0,0.0,1.0,12.0,6.0,7.0,5.0,18.0,12.0,15.0,1.0,8.0,2.0,8.0,8.0,12.0,8.0,13.0,0.0,0.0,1.0,0.0,0.0,0.0,0.0,0.0,0.0,0.0,0.0,0.0,0.0,0.0,0.0,0.0,0.0,0.0,0.0,0.0,0.0,0.0
1.0,86.0,75.0,50.0,47.0,30.0,16.0,15.0,1.0,6.0,0.0,2.0,1.0,0.0,9.0,19.0,5.0,8.0,7.0,5.0,3.0,5.0,2.0,0.0,5.0,18.0,6.0,8.0,0.0,0.0,0.0,0.0,0.0,0.0,0.0,0.0,0.0,0.0,0.0,0.0,0.0,0.0,0.0,0.0,0.0,0.0,0.0,0.0,0.0,0.0
0.0,90.0,86.0,72.0,154.0,72.0,39.0,36.0,2.0,0.0,2.0,1.0,2.0,11.0,12.0,8.0,6.0,9.0,9.0,15.0,5.0,9.0,4.0,1.0,5.0,19.0,15.0,18.0,0.0,0.0,0.0,0.0,0.0,0.0,0.0,0.0,0.0,0.0,0.0,0.0,0.0,0.0,0.0,0.0,0.0,0.0,0.0,0.0,0.0,0.0
1.0,27.0,45.0,31.0,27.0,28.0,12.0,11.0,0.0,0.0,1.0,0.0,2.0,11.0,6.0,7.0,8.0,6.0,17.0,14.0,4.0,6.0,1.0,4.0,4.0,11.0,9.0,12.0,0.0,0.0,0.0,0.0,0.0,0.0,0.0,0.0,0.0,0.0,0.0,0.0,0.0,0.0,0.0,0.0,0.0,0.0,0.0,0.0,0.0,0.0
0.0,26.0,28.0,15.0,19.0,21.0,8.0,6.0,0.0,0.0,0.0,0.0,2.0,14.0,12.0,8.0,1.0,7.0,13.0,5.0,1.0,1.0,6.0,4.0,6.0,9.0,11.0,22.0,0.0,0.0,0.0,0.0,0.0,0.0,0.0,0.0,0.0,0.0,0.0,0.0,0.0,0.0,0.0,0.0,0.0,0.0,0.0,0.0,0.0,0.0
0.0,28.0,22.0,30.0,33.0,20.0,4.0,20.0,2.0,6.0,4.0,1.0,1.0,9.0,10.0,10.0,10.0,14.0,17.0,9.0,6.0,4.0,7.0,2.0,9.0,30.0,6.0,12.0,0.0,0.0,0.0,0.0,0.0,0.0,0.0,0.0,0.0,0.0,0.0,0.0,0.0,0.0,0.0,0.0,0.0,0.0,0.0,0.0,0.0,0.0
2.0,36.0,62.0,44.0,48.0,23.0,10.0,26.0,1.0,2.0,1.0,1.0,0.0,12.0,13.0,12.0,5.0,3.0,14.0,10.0,4.0,7.0,3.0,6.0,3.0,14.0,18.0,5.0,0.0,0.0,0.0,0.0,0.0,0.0,0.0,0.0,0.0,0.0,0.0,0.0,0.0,0.0,0.0,0.0,0.0,0.0,0.0,0.0,0.0,0.0
2.0,32.0,25.0,32.0,25.0,22.0,9.0,7.0,1.0,1.0,3.0,1.0,0.0,17.0,9.0,12.0,2.0,11.0,18.0,12.0,10.0,2.0,5.0,4.0,9.0,14.0,19.0,17.0,0.0,0.0,0.0,0.0,0.0,0.0,0.0,0.0,0.0,0.0,0.0,0.0,0.0,0.0,0.0,0.0,0.0,0.0,0.0,0.0,0.0,0.0
0.0,173.0,193.0,83.0,91.0,82.0,36.0,35.0,12.0,18.0,8.0,5.0,3.0,11.0,11.0,10.0,0.0,10.0,14.0,19.0,6.0,4.0,6.0,3.0,8.0,22.0,7.0,10.0,0.0,0.0,0.0,0.0,0.0,0.0,0.0,0.0,0.0,0.0,0.0,0.0,0.0,0.0,0.0,0.0,0.0,0.0,0.0,0.0,0.0,0.0
0.0,62.0,87.0,41.0,61.0,47.0,22.0,28.0,3.0,7.0,4.0,4.0,1.0,8.0,8.0,10.0,0.0,21.0,10.0,11.0,6.0,12.0,3.0,5.0,13.0,17.0,23.0,17.0,0.0,0.0,0.0,0.0,0.0,0.0,0.0,0.0,0.0,0.0,0.0,0.0,0.0,0.0,0.0,0.0,0.0,0.0,0.0,0.0,0.0,0.0
1.0,74.0,56.0,34.0,54.0,26.0,17.0,16.0,3.0,0.0,0.0,0.0,2.0,15.0,12.0,6.0,1.0,23.0,8.0,12.0,10.0,7.0,10.0,5.0,10.0,15.0,9.0,12.0,0.0,0.0,0.0,0.0,0.0,0.0,0.0,0.0,0.0,0.0,0.0,0.0,0.0,0.0,0.0,0.0,0.0,0.0,0.0,0.0,0.0,0.0
1.0,66.0,69.0,67.0,56.0,49.0,9.0,20.0,1.0,0.0,1.0,0.0,0.0,5.0,8.0,7.0,0.0,18.0,12.0,8.0,8.0,8.0,3.0,9.0,17.0,24.0,16.0,19.0,0.0,0.0,0.0,0.0,0.0,0.0,0.0,0.0,0.0,0.0,0.0,0.0,0.0,0.0,0.0,0.0,0.0,0.0,0.0,0.0,0.0,0.0
0.0,42.0,58.0,42.0,38.0,24.0,13.0,10.0,2.0,0.0,3.0,2.0,0.0,7.0,6.0,7.0,0.0,27.0,12.0,18.0,10.0,9.0,4.0,11.0,8.0,29.0,20.0,9.0,0.0,0.0,0.0,0.0,0.0,0.0,0.0,0.0,0.0,0.0,0.0,0.0,0.0,0.0,0.0,0.0,0.0,0.0,0.0,0.0,0.0,0.0
0.0,38.0,61.0,32.0,42.0,30.0,8.0,14.0,3.0,2.0,0.0,1.0,1.0,10.0,9.0,8.0,0.0,20.0,18.0,13.0,12.0,10.0,4.0,9.0,14.0,29.0,28.0,13.0,0.0,0.0,0.0,0.0,0.0,0.0,0.0,0.0,0.0,0.0,0.0,0.0,0.0,0.0,0.0,0.0,0.0,0.0,0.0,0.0,0.0,0.0
1.0,40.0,83.0,47.0,61.0,39.0,28.0,18.0,0.0,2.0,1.0,0.0,0.0,8.0,7.0,7.0,0.0,0.0,17.0,13.0,5.0,3.0,3.0,2.0,7.0,24.0,15.0,19.0,0.0,0.0,0.0,0.0,0.0,0.0,0.0,0.0,0.0,0.0,0.0,0.0,0.0,0.0,0.0,0.0,0.0,0.0,0.0,0.0,0.0,0.0
1.0,60.0,82.0,63.0,48.0,30.0,18.0,9.0,10.0,12.0,10.0,10.0,5.0,3.0,5.0,5.0,0.0,1.0,15.0,12.0,3.0,3.0,5.0,5.0,7.0,22.0,20.0,22.0,0.0,0.0,0.0,0.0,0.0,0.0,0.0,0.0,0.0,0.0,0.0,0.0,0.0,0.0,0.0,0.0,0.0,0.0,0.0,0.0,0.0,0.0
0.0,40.0,57.0,39.0,46.0,23.0,9.0,14.0,5.0,14.0,4.0,7.0,2.0,4.0,10.0,9.0,0.0,0.0,15.0,14.0,12.0,11.0,5.0,10.0,16.0,25.0,20.0,28.0,0.0,0.0,0.0,0.0,0.0,0.0,0.0,0.0,0.0,0.0,0.0,0.0,0.0,0.0,0.0,0.0,0.0,0.0,0.0,0.0,0.0,0.0
0.0,60.0,30.0,31.0,33.0,21.0,11.0,2.0,1.0,4.0,2.0,0.0,1.0,9.0,7.0,9.0,0.0,8.0,12.0,10.0,10.0,8.0,6.0,4.0,7.0,33.0,19.0,11.0,0.0,0.0,0.0,0.0,0.0,0.0,0.0,0.0,0.0,0.0,0.0,0.0,0.0,0.0,0.0,0.0,0.0,0.0,0.0,0.0,0.0,0.0
2.0,33.0,72.0,40.0,46.0,7.0,5.0,10.0,2.0,14.0,4.0,3.0,3.0,8.0,5.0,12.0,0.0,0.0,15.0,13.0,9.0,11.0,5.0,3.0,9.0,26.0,16.0,16.0,0.0,0.0,0.0,0.0,0.0,0.0,0.0,0.0,0.0,0.0,0.0,0.0,0.0,0.0,0.0,0.0,0.0,0.0,0.0,0.0,0.0,0.0
1.0,19.0,29.0,13.0,32.0,24.0,8.0,7.0,4.0,12.0,2.0,4.0,3.0,7.0,12.0,11.0,0.0,0.0,14.0,14.0,9.0,8.0,7.0,17.0,12.0,25.0,29.0,25.0,0.0,0.0,0.0,0.0,0.0,0.0,0.0,0.0,0.0,0.0,0.0,0.0,0.0,0.0,0.0,0.0,0.0,0.0,0.0,0.0,0.0,0.0
1.0,27.0,58.0,48.0,30.0,37.0,6.0,4.0,6.0,0.0,1.0,0.0,0.0,7.0,9.0,9.0,0.0,0.0,12.0,18.0,21.0,8.0,4.0,8.0,14.0,22.0,30.0,30.0,0.0,0.0,0.0,0.0,0.0,0.0,0.0,0.0,0.0,0.0,0.0,0.0,0.0,0.0,0.0,0.0,0.0,0.0,0.0,0.0,0.0,0.0
4.0,68.0,49.0,41.0,54.0,29.0,19.0,17.0,3.0,11.0,8.0,2.0,3.0,3.0,9.0,8.0,0.0,0.0,9.0,12.0,10.0,12.0,7.0,9.0,12.0,33.0,18.0,14.0,0.0,0.0,0.0,0.0,0.0,0.0,0.0,0.0,0.0,0.0,0.0,0.0,0.0,0.0,0.0,0.0,0.0,0.0,0.0,0.0,0.0,0.0
1.0,43.0,47.0,35.0,42.0,19.0,7.0,10.0,3.0,0.0,0.0,1.0,1.0,13.0,10.0,13.0,0.0,1.0,17.0,11.0,13.0,6.0,5.0,3.0,9.0,31.0,26.0,19.0,0.0,0.0,0.0,0.0,0.0,0.0,0.0,0.0,0.0,0.0,0.0,0.0,0.0,0.0,0.0,0.0,0.0,0.0,0.0,0.0,0.0,0.0
1.0,25.0,24.0,26.0,22.0,25.0,8.0,7.0,12.0,4.0,7.0,6.0,8.0,8.0,9.0,4.0,0.0,0.0,12.0,14.0,8.0,5.0,4.0,6.0,19.0,27.0,15.0,28.0,0.0,0.0,0.0,0.0,0.0,0.0,0.0,0.0,0.0,0.0,0.0,0.0,0.0,0.0,0.0,0.0,0.0,0.0,0.0,0.0,0.0,0.0
3.0,27.0,48.0,29.0,43.0,17.0,14.0,8.0,7.0,26.0,15.0,22.0,9.0,4.0,6.0,9.0,1.0,0.0,16.0,18.0,17.0,9.0,8.0,8.0,14.0,26.0,23.0,13.0,0.0,0.0,0.0,0.0,0.0,0.0,0.0,0.0,0.0,0.0,0.0,0.0,0.0,0.0,0.0,0.0,0.0,0.0,0.0,0.0,0.0,0.0
0.0,38.0,52.0,25.0,33.0,29.0,9.0,9.0,1.0,1.0,8.0,7.0,2.0,9.0,12.0,7.0,0.0,0.0,10.0,7.0,5.0,8.0,6.0,6.0,17.0,24.0,13.0,26.0,0.0,0.0,0.0,0.0,0.0,0.0,0.0,0.0,0.0,0.0,0.0,0.0,0.0,0.0,0.0,0.0,0.0,0.0,0.0,0.0,0.0,0.0
1.0,39.0,71.0,56.0,63.0,59.0,24.0,13.0,0.0,1.0,1.0,1.0,0.0,9.0,10.0,12.0,0.0,0.0,14.0,10.0,11.0,6.0,6.0,8.0,15.0,28.0,29.0,16.0,0.0,0.0,0.0,0.0,0.0,0.0,0.0,0.0,0.0,0.0,0.0,0.0,0.0,0.0,0.0,0.0,0.0,0.0,0.0,0.0,0.0,0.0
2.0,34.0,27.0,33.0,44.0,44.0,15.0,19.0,1.0,0.0,0.0,0.0,0.0,3.0,10.0,12.0,0.0,1.0,10.0,17.0,7.0,4.0,3.0,4.0,12.0,20.0,19.0,22.0,0.0,0.0,0.0,0.0,0.0,0.0,0.0,0.0,0.0,0.0,0.0,0.0,0.0,0.0,0.0,0.0,0.0,0.0,0.0,0.0,0.0,0.0
1.0,30.0,33.0,19.0,31.0,17.0,3.0,24.0,3.0,3.0,6.0,1.0,7.0,10.0,8.0,9.0,0.0,0.0,7.0,15.0,5.0,7.0,3.0,9.0,12.0,18.0,23.0,18.0,0.0,0.0,0.0,0.0,0.0,0.0,0.0,0.0,0.0,0.0,0.0,0.0,0.0,0.0,0.0,0.0,0.0,0.0,0.0,0.0,0.0,0.0
2.0,45.0,63.0,37.0,62.0,24.0,4.0,25.0,9.0,2.0,1.0,0.0,1.0,7.0,7.0,7.0,2.0,2.0,9.0,10.0,4.0,5.0,2.0,6.0,20.0,17.0,20.0,13.0,0.0,0.0,0.0,0.0,0.0,0.0,0.0,0.0,0.0,0.0,0.0,0.0,0.0,0.0,0.0,0.0,0.0,0.0,0.0,0.0,0.0,0.0
1.0,123.0,171.0,156.0,175.0,97.0,55.0,47.0,25.0,41.0,56.0,32.0,40.0,2.0,6.0,6.0,19.0,22.0,43.0,65.0,64.0,52.0,13.0,26.0,69.0,139.0,95.0,44.0,0.0,0.0,0.0,0.0,0.0,0.0,0.0,0.0,0.0,0.0,0.0,0.0,0.0,0.0,0.0,0.0,0.0,0.0,0.0,0.0,0.0,0.0
4.0,148.0,212.0,164.0,176.0,106.0,54.0,53.0,8.0,10.0,15.0,7.0,6.0,12.0,10.0,4.0,7.0,26.0,47.0,76.0,184.0,135.0,23.0,27.0,172.0,464.0,364.0,46.0,0.0,0.0,0.0,0.0,0.0,0.0,0.0,0.0,0.0,0.0,0.0,0.0,0.0,0.0,0.0,0.0,0.0,0.0,0.0,0.0,0.0,0.0
1.0,136.0,189.0,166.0,155.0,107.0,40.0,58.0,21.0,14.0,14.0,11.0,10.0,12.0,5.0,7.0,15.0,33.0,54.0,67.0,110.0,72.0,16.0,31.0,122.0,249.0,185.0,40.0,0.0,0.0,0.0,0.0,0.0,0.0,0.0,0.0,0.0,0.0,0.0,0.0,0.0,0.0,0.0,0.0,0.0,0.0,0.0,0.0,0.0,0.0
3.0,133.0,211.0,214.0,212.0,157.0,66.0,58.0,22.0,30.0,27.0,35.0,37.0,7.0,12.0,9.0,13.0,30.0,56.0,74.0,66.0,59.0,16.0,27.0,99.0,232.0,170.0,44.0,0.0,0.0,0.0,0.0,0.0,0.0,0.0,0.0,0.0,0.0,0.0,0.0,0.0,0.0,0.0,0.0,0.0,0.0,0.0,0.0,0.0,0.0
4.0,150.0,197.0,183.0,179.0,79.0,41.0,29.0,7.0,13.0,12.0,16.0,4.0,7.0,5.0,9.0,16.0,30.0,25.0,33.0,56.0,41.0,14.0,17.0,34.0,111.0,93.0,33.0,0.0,0.0,0.0,0.0,0.0,0.0,0.0,0.0,0.0,0.0,0.0,0.0,0.0,0.0,0.0,0.0,0.0,0.0,0.0,0.0,0.0,0.0
3.0,32.0,45.0,29.0,34.0,34.0,7.0,5.0,9.0,2.0,6.0,2.0,2.0,9.0,6.0,4.0,3.0,14.0,13.0,8.0,9.0,4.0,3.0,5.0,10.0,13.0,20.0,19.0,0.0,0.0,0.0,0.0,0.0,0.0,0.0,0.0,0.0,0.0,0.0,0.0,0.0,0.0,0.0,0.0,0.0,0.0,0.0,0.0,0.0,0.0
1.0,21.0,15.0,14.0,11.0,13.0,7.0,8.0,12.0,16.0,26.0,22.0,9.0,7.0,0.0,4.0,9.0,9.0,13.0,9.0,14.0,11.0,3.0,4.0,15.0,25.0,30.0,23.0,0.0,0.0,0.0,0.0,0.0,0.0,0.0,0.0,0.0,0.0,0.0,0.0,0.0,0.0,0.0,0.0,0.0,0.0,0.0,0.0,0.0,0.0
1.0,9.0,22.0,15.0,20.0,17.0,4.0,1.0,13.0,19.0,18.0,20.0,12.0,3.0,6.0,3.0,13.0,15.0,8.0,8.0,5.0,7.0,6.0,12.0,10.0,29.0,25.0,14.0,0.0,0.0,0.0,0.0,0.0,0.0,0.0,0.0,0.0,0.0,0.0,0.0,0.0,0.0,0.0,0.0,0.0,0.0,0.0,0.0,0.0,0.0
0.0,31.0,27.0,40.0,37.0,45.0,16.0,9.0,1.0,1.0,3.0,1.0,0.0,8.0,4.0,9.0,5.0,16.0,17.0,17.0,13.0,9.0,6.0,7.0,14.0,36.0,16.0,18.0,0.0,0.0,0.0,0.0,0.0,0.0,0.0,0.0,0.0,0.0,0.0,0.0,0.0,0.0,0.0,0.0,0.0,0.0,0.0,0.0,0.0,0.0
0.0,28.0,43.0,30.0,31.0,29.0,10.0,7.0,3.0,3.0,1.0,2.0,3.0,9.0,5.0,3.0,5.0,21.0,10.0,9.0,3.0,5.0,1.0,0.0,3.0,14.0,14.0,9.0,0.0,0.0,0.0,0.0,3012.0,0.0,0.0,0.0,0.0,0.0,0.0,0.0,0.0,0.0,0.0,0.0,0.0,0.0,0.0,0.0,0.0,0.0
2.0,11.0,17.0,17.0,19.0,12.0,1.0,11.0,17.0,9.0,19.0,30.0,12.0,2.0,5.0,9.0,3.0,9.0,9.0,14.0,5.0,14.0,3.0,7.0,14.0,19.0,16.0,10.0,0.0,0.0,0.0,0.0,411.0,0.0,0.0,0.0,0.0,0.0,0.0,0.0,0.0,0.0,0.0,0.0,0.0,0.0,0.0,0.0,0.0,0.0
2.0,12.0,15.0,4.0,3.0,10.0,16.0,8.0,1.0,3.0,0.0,0.0,0.0,5.0,8.0,8.0,9.0,10.0,14.0,16.0,4.0,4.0,4.0,1.0,8.0,19.0,21.0,16.0,0.0,0.0,0.0,0.0,0.0,0.0,0.0,0.0,0.0,0.0,0.0,0.0,0.0,0.0,0.0,0.0,0.0,0.0,0.0,0.0,0.0,0.0
0.0,12.0,21.0,3.0,3.0,29.0,15.0,8.0,0.0,0.0,2.0,0.0,0.0,9.0,4.0,6.0,5.0,7.0,12.0,17.0,7.0,3.0,4.0,6.0,12.0,21.0,16.0,28.0,0.0,0.0,0.0,0.0,0.0,0.0,0.0,0.0,0.0,0.0,0.0,0.0,0.0,0.0,0.0,0.0,0.0,0.0,0.0,0.0,0.0,0.0
2.0,14.0,17.0,4.0,9.0,20.0,5.0,13.0,3.0,4.0,5.0,1.0,0.0,10.0,6.0,6.0,4.0,4.0,12.0,12.0,5.0,7.0,1.0,3.0,13.0,19.0,21.0,21.0,0.0,0.0,0.0,0.0,0.0,0.0,0.0,0.0,0.0,0.0,0.0,0.0,0.0,0.0,0.0,0.0,0.0,0.0,0.0,0.0,0.0,0.0
1.0,12.0,14.0,18.0,22.0,18.0,12.0,10.0,1.0,2.0,0.0,1.0,0.0,8.0,7.0,6.0,3.0,7.0,6.0,7.0,12.0,12.0,4.0,2.0,9.0,16.0,9.0,11.0,0.0,0.0,0.0,0.0,0.0,0.0,0.0,0.0,0.0,0.0,0.0,0.0,0.0,0.0,0.0,0.0,0.0,0.0,0.0,0.0,0.0,0.0
0.0,13.0,20.0,4.0,22.0,9.0,13.0,9.0,2.0,2.0,6.0,10.0,7.0,7.0,7.0,6.0,3.0,12.0,19.0,16.0,6.0,4.0,6.0,7.0,7.0,26.0,22.0,20.0,0.0,0.0,0.0,0.0,0.0,0.0,0.0,0.0,0.0,0.0,0.0,0.0,0.0,0.0,0.0,0.0,0.0,0.0,0.0,0.0,0.0,0.0
0.0,0.0,5.0,22.0,23.0,1.0,2.0,4.0,5.0,6.0,13.0,16.0,4.0,0.0,3.0,1.0,4.0,5.0,9.0,10.0,7.0,6.0,4.0,4.0,12.0,15.0,11.0,13.0,0.0,0.0,0.0,0.0,0.0,0.0,0.0,0.0,0.0,0.0,0.0,0.0,0.0,0.0,0.0,0.0,0.0,0.0,0.0,0.0,0.0,0.0
0.0,7.0,9.0,10.0,6.0,4.0,5.0,2.0,0.0,0.0,0.0,1.0,1.0,9.0,6.0,7.0,1.0,8.0,8.0,10.0,6.0,10.0,4.0,4.0,7.0,11.0,7.0,4.0,0.0,0.0,0.0,0.0,0.0,0.0,0.0,0.0,0.0,0.0,0.0,0.0,0.0,0.0,0.0,0.0,0.0,0.0,0.0,0.0,0.0,0.0
1.0,6.0,6.0,9.0,43.0,15.0,2.0,2.0,3.0,1.0,3.0,4.0,0.0,6.0,7.0,6.0,8.0,8.0,8.0,15.0,4.0,3.0,5.0,3.0,6.0,15.0,13.0,11.0,0.0,0.0,0.0,0.0,0.0,0.0,0.0,0.0,0.0,0.0,0.0,0.0,0.0,0.0,0.0,0.0,0.0,0.0,0.0,0.0,0.0,0.0
0.0,8.0,4.0,1.0,7.0,3.0,0.0,0.0,1.0,11.0,5.0,11.0,5.0,4.0,5.0,3.0,6.0,4.0,11.0,14.0,3.0,7.0,3.0,8.0,10.0,20.0,17.0,15.0,0.0,0.0,0.0,0.0,0.0,0.0,0.0,0.0,0.0,0.0,0.0,0.0,0.0,0.0,0.0,0.0,0.0,0.0,0.0,0.0,0.0,0.0
0.0,5.0,16.0,8.0,8.0,8.0,5.0,3.0,1.0,0.0,4.0,4.0,0.0,10.0,2.0,5.0,6.0,5.0,4.0,8.0,7.0,3.0,5.0,8.0,10.0,17.0,13.0,17.0,0.0,0.0,0.0,0.0,0.0,0.0,0.0,0.0,0.0,0.0,0.0,0.0,0.0,0.0,0.0,0.0,0.0,0.0,0.0,0.0,0.0,0.0
0.0,3.0,2.0,2.0,0.0,4.0,1.0,0.0,9.0,1.0,9.0,6.0,6.0,3.0,1.0,3.0,8.0,10.0,9.0,11.0,3.0,3.0,3.0,4.0,12.0,12.0,15.0,16.0,0.0,0.0,0.0,0.0,0.0,0.0,0.0,0.0,0.0,0.0,0.0,0.0,0.0,0.0,0.0,0.0,0.0,0.0,0.0,0.0,0.0,0.0
0.0,3.0,7.0,9.0,11.0,6.0,5.0,4.0,3.0,0.0,0.0,1.0,1.0,6.0,7.0,5.0,4.0,6.0,12.0,15.0,4.0,3.0,1.0,5.0,5.0,16.0,9.0,8.0,0.0,0.0,0.0,0.0,0.0,0.0,0.0,0.0,0.0,0.0,0.0,0.0,0.0,0.0,0.0,0.0,0.0,0.0,0.0,0.0,0.0,0.0
0.0,2.0,2.0,0.0,0.0,0.0,0.0,1.0,2.0,3.0,5.0,3.0,5.0,0.0,0.0,0.0,6.0,8.0,21.0,13.0,2.0,2.0,3.0,3.0,8.0,12.0,17.0,21.0,0.0,0.0,0.0,0.0,7.0,0.0,0.0,0.0,0.0,0.0,0.0,0.0,0.0,0.0,0.0,0.0,0.0,0.0,0.0,0.0,0.0,0.0
0.0,2.0,1.0,3.0,0.0,0.0,0.0,0.0,15.0,9.0,6.0,9.0,5.0,0.0,0.0,0.0,1.0,1.0,8.0,10.0,3.0,1.0,1.0,2.0,2.0,7.0,10.0,14.0,0.0,0.0,0.0,0.0,0.0,0.0,0.0,0.0,0.0,0.0,0.0,0.0,0.0,0.0,0.0,0.0,0.0,0.0,0.0,0.0,0.0,0.0
1.0,0.0,2.0,0.0,1.0,0.0,3.0,2.0,11.0,3.0,8.0,16.0,3.0,2.0,4.0,2.0,0.0,0.0,13.0,19.0,0.0,1.0,4.0,1.0,5.0,9.0,9.0,9.0,0.0,0.0,0.0,0.0,1.0,0.0,0.0,0.0,0.0,0.0,0.0,0.0,0.0,0.0,0.0,0.0,0.0,0.0,0.0,0.0,0.0,0.0
0.0,10.0,22.0,18.0,2.0,11.0,10.0,4.0,1.0,0.0,0.0,1.0,0.0,15.0,9.0,6.0,5.0,0.0,12.0,16.0,4.0,4.0,1.0,1.0,3.0,13.0,13.0,11.0,0.0,0.0,0.0,0.0,0.0,0.0,0.0,0.0,0.0,0.0,0.0,0.0,0.0,0.0,0.0,0.0,0.0,0.0,0.0,0.0,0.0,0.0
0.0,25.0,28.0,0.0,9.0,8.0,5.0,6.0,5.0,3.0,0.0,0.0,2.0,8.0,7.0,5.0,6.0,0.0,6.0,7.0,3.0,1.0,5.0,2.0,9.0,17.0,13.0,15.0,0.0,0.0,0.0,0.0,0.0,0.0,0.0,0.0,0.0,0.0,0.0,0.0,0.0,0.0,0.0,0.0,0.0,0.0,0.0,0.0,0.0,0.0
0.0,51.0,95.0,15.0,15.0,0.0,7.0,10.0,11.0,14.0,13.0,29.0,7.0,1.0,0.0,2.0,7.0,0.0,10.0,26.0,5.0,3.0,4.0,5.0,11.0,18.0,19.0,26.0,0.0,0.0,0.0,0.0,0.0,0.0,0.0,0.0,0.0,0.0,0.0,0.0,0.0,0.0,0.0,0.0,0.0,0.0,0.0,0.0,0.0,0.0
0.0,31.0,56.0,5.0,13.0,3.0,8.0,12.0,8.0,13.0,16.0,15.0,17.0,0.0,0.0,0.0,7.0,0.0,10.0,13.0,6.0,3.0,6.0,6.0,13.0,22.0,27.0,25.0,0.0,0.0,0.0,0.0,0.0,0.0,0.0,0.0,0.0,0.0,0.0,0.0,0.0,0.0,0.0,0.0,0.0,0.0,0.0,0.0,0.0,0.0
1.0,12.0,22.0,14.0,4.0,6.0,6.0,4.0,10.0,9.0,13.0,26.0,6.0,3.0,3.0,6.0,1.0,0.0,12.0,15.0,8.0,6.0,9.0,2.0,11.0,19.0,17.0,17.0,0.0,0.0,0.0,0.0,0.0,0.0,0.0,0.0,0.0,0.0,0.0,0.0,0.0,0.0,0.0,0.0,0.0,0.0,0.0,0.0,0.0,0.0
1.0,10.0,28.0,26.0,17.0,5.0,4.0,5.0,1.0,0.0,2.0,4.0,1.0,11.0,7.0,8.0,5.0,0.0,12.0,15.0,7.0,4.0,5.0,6.0,11.0,24.0,18.0,21.0,0.0,0.0,0.0,0.0,15.0,0.0,0.0,0.0,0.0,0.0,0.0,0.0,0.0,0.0,0.0,0.0,0.0,0.0,0.0,0.0,0.0,0.0
0.0,14.0,25.0,21.0,41.0,22.0,7.0,6.0,1.0,1.0,1.0,0.0,1.0,8.0,13.0,11.0,2.0,0.0,12.0,7.0,5.0,4.0,5.0,3.0,11.0,16.0,10.0,16.0,0.0,0.0,0.0,0.0,0.0,0.0,0.0,0.0,0.0,0.0,0.0,0.0,0.0,0.0,0.0,0.0,0.0,0.0,0.0,0.0,0.0,0.0
0.0,9.0,48.0,42.0,49.0,29.0,8.0,5.0,2.0,0.0,0.0,1.0,0.0,8.0,5.0,11.0,11.0,0.0,7.0,15.0,8.0,6.0,3.0,3.0,7.0,18.0,13.0,19.0,0.0,0.0,0.0,0.0,0.0,0.0,0.0,0.0,0.0,0.0,0.0,0.0,0.0,0.0,0.0,0.0,0.0,0.0,0.0,0.0,0.0,0.0
3.0,22.0,12.0,61.0,79.0,67.0,2.0,14.0,0.0,0.0,0.0,1.0,0.0,7.0,8.0,8.0,1.0,0.0,10.0,9.0,6.0,1.0,4.0,3.0,6.0,22.0,8.0,17.0,0.0,0.0,0.0,0.0,0.0,0.0,0.0,0.0,0.0,0.0,0.0,0.0,0.0,0.0,0.0,0.0,0.0,0.0,0.0,0.0,0.0,0.0
2.0,16.0,16.0,18.0,30.0,15.0,1.0,3.0,1.0,1.0,1.0,0.0,1.0,11.0,8.0,8.0,4.0,2.0,10.0,9.0,8.0,3.0,3.0,4.0,6.0,16.0,12.0,14.0,0.0,0.0,0.0,0.0,0.0,0.0,0.0,0.0,0.0,0.0,0.0,0.0,0.0,0.0,0.0,0.0,0.0,0.0,0.0,0.0,0.0,0.0
0.0,22.0,38.0,24.0,40.0,30.0,9.0,20.0,0.0,0.0,1.0,0.0,1.0,10.0,8.0,10.0,0.0,0.0,9.0,13.0,4.0,3.0,3.0,4.0,6.0,14.0,12.0,14.0,0.0,0.0,0.0,0.0,0.0,0.0,0.0,0.0,0.0,0.0,0.0,0.0,0.0,0.0,0.0,0.0,0.0,0.0,0.0,0.0,0.0,0.0
0.0,7.0,7.0,11.0,15.0,13.0,5.0,10.0,12.0,2.0,14.0,12.0,2.0,0.0,0.0,0.0,3.0,0.0,7.0,3.0,8.0,4.0,6.0,1.0,6.0,18.0,10.0,10.0,0.0,0.0,0.0,0.0,0.0,0.0,0.0,0.0,0.0,0.0,0.0,0.0,0.0,0.0,0.0,0.0,0.0,0.0,0.0,0.0,0.0,0.0
0.0,7.0,22.0,27.0,19.0,16.0,2.0,5.0,2.0,1.0,6.0,7.0,4.0,4.0,2.0,0.0,4.0,0.0,11.0,7.0,4.0,3.0,8.0,2.0,5.0,16.0,11.0,17.0,0.0,0.0,0.0,0.0,0.0,0.0,0.0,0.0,0.0,0.0,0.0,0.0,0.0,0.0,0.0,0.0,0.0,0.0,0.0,0.0,0.0,0.0
0.0,10.0,19.0,10.0,7.0,12.0,2.0,10.0,1.0,2.0,4.0,6.0,1.0,4.0,2.0,5.0,2.0,0.0,9.0,9.0,3.0,4.0,2.0,0.0,7.0,12.0,13.0,50.0,0.0,0.0,0.0,0.0,0.0,0.0,0.0,0.0,0.0,0.0,0.0,0.0,0.0,0.0,0.0,0.0,0.0,0.0,0.0,0.0,0.0,0.0
1.0,17.0,37.0,20.0,37.0,30.0,6.0,25.0,0.0,0.0,2.0,2.0,1.0,11.0,19.0,4.0,4.0,0.0,14.0,15.0,7.0,8.0,2.0,2.0,11.0,12.0,19.0,12.0,0.0,0.0,0.0,0.0,0.0,0.0,0.0,0.0,0.0,0.0,0.0,0.0,0.0,0.0,0.0,0.0,0.0,0.0,0.0,0.0,0.0,0.0
0.0,10.0,16.0,28.0,26.0,18.0,7.0,1.0,1.0,1.0,1.0,7.0,1.0,14.0,5.0,10.0,3.0,0.0,18.0,10.0,6.0,3.0,3.0,4.0,3.0,18.0,15.0,10.0,0.0,0.0,0.0,0.0,0.0,0.0,0.0,0.0,0.0,0.0,0.0,0.0,0.0,0.0,0.0,0.0,0.0,0.0,0.0,0.0,0.0,0.0
4.0,19.0,32.0,34.0,22.0,18.0,3.0,5.0,2.0,0.0,1.0,1.0,0.0,11.0,10.0,7.0,0.0,0.0,11.0,19.0,3.0,2.0,3.0,4.0,11.0,19.0,9.0,11.0,0.0,0.0,0.0,0.0,0.0,0.0,0.0,0.0,0.0,0.0,0.0,0.0,0.0,0.0,0.0,0.0,0.0,0.0,0.0,0.0,0.0,0.0
0.0,2.0,12.0,22.0,34.0,7.0,3.0,2.0,8.0,7.0,28.0,17.0,5.0,0.0,2.0,2.0,7.0,0.0,9.0,13.0,8.0,3.0,2.0,3.0,7.0,14.0,15.0,16.0,0.0,0.0,0.0,0.0,0.0,0.0,0.0,0.0,0.0,0.0,0.0,0.0,0.0,0.0,0.0,0.0,0.0,0.0,0.0,0.0,0.0,0.0
0.0,5.0,11.0,31.0,15.0,10.0,1.0,10.0,2.0,2.0,1.0,2.0,6.0,0.0,1.0,5.0,0.0,0.0,9.0,3.0,4.0,3.0,4.0,5.0,7.0,14.0,15.0,12.0,0.0,0.0,0.0,0.0,0.0,0.0,0.0,0.0,0.0,0.0,0.0,0.0,0.0,0.0,0.0,0.0,0.0,0.0,0.0,0.0,0.0,0.0
0.0,7.0,9.0,18.0,8.0,4.0,3.0,1.0,0.0,3.0,0.0,0.0,2.0,10.0,12.0,7.0,2.0,0.0,9.0,9.0,4.0,7.0,1.0,4.0,9.0,16.0,7.0,10.0,0.0,0.0,0.0,0.0,0.0,0.0,0.0,0.0,0.0,0.0,0.0,0.0,0.0,0.0,0.0,0.0,0.0,0.0,0.0,0.0,0.0,0.0
1.0,51.0,54.0,50.0,78.0,25.0,6.0,8.0,3.0,12.0,3.0,7.0,3.0,9.0,2.0,5.0,3.0,0.0,5.0,6.0,1.0,6.0,1.0,5.0,7.0,6.0,11.0,8.0,0.0,0.0,0.0,0.0,0.0,0.0,0.0,0.0,0.0,0.0,0.0,0.0,0.0,0.0,0.0,0.0,0.0,0.0,0.0,0.0,0.0,0.0
1.0,21.0,25.0,18.0,13.0,4.0,5.0,3.0,71.0,94.0,109.0,88.0,77.0,0.0,2.0,2.0,8.0,0.0,13.0,10.0,3.0,8.0,7.0,9.0,13.0,11.0,15.0,16.0,0.0,0.0,0.0,0.0,0.0,0.0,0.0,0.0,0.0,0.0,0.0,0.0,0.0,0.0,0.0,0.0,0.0,0.0,0.0,0.0,0.0,0.0
1.0,20.0,29.0,28.0,29.0,15.0,11.0,9.0,55.0,102.0,92.0,105.0,66.0,1.0,4.0,2.0,4.0,0.0,17.0,21.0,4.0,6.0,3.0,9.0,21.0,26.0,23.0,13.0,0.0,0.0,0.0,0.0,0.0,0.0,0.0,0.0,0.0,0.0,0.0,0.0,0.0,0.0,0.0,0.0,0.0,0.0,0.0,0.0,0.0,0.0
0.0,3.0,14.0,9.0,15.0,7.0,3.0,6.0,5.0,8.0,7.0,9.0,6.0,2.0,3.0,3.0,8.0,0.0,7.0,7.0,4.0,8.0,4.0,6.0,4.0,16.0,17.0,14.0,0.0,0.0,0.0,0.0,0.0,0.0,0.0,0.0,0.0,0.0,0.0,0.0,0.0,0.0,0.0,0.0,0.0,0.0,0.0,0.0,0.0,0.0
1.0,2.0,15.0,14.0,14.0,11.0,7.0,3.0,1.0,2.0,2.0,6.0,11.0,7.0,10.0,10.0,2.0,0.0,17.0,12.0,6.0,4.0,2.0,7.0,11.0,21.0,16.0,8.0,0.0,0.0,0.0,0.0,0.0,0.0,0.0,0.0,0.0,0.0,0.0,0.0,0.0,0.0,0.0,0.0,0.0,0.0,0.0,0.0,0.0,0.0
0.0,6.0,13.0,6.0,20.0,10.0,4.0,0.0,10.0,9.0,11.0,7.0,5.0,4.0,2.0,7.0,1.0,0.0,7.0,9.0,2.0,2.0,1.0,8.0,3.0,14.0,5.0,7.0,0.0,0.0,0.0,0.0,0.0,0.0,0.0,0.0,0.0,0.0,0.0,0.0,0.0,0.0,0.0,0.0,0.0,0.0,0.0,0.0,0.0,0.0
0.0,15.0,52.0,13.0,10.0,13.0,3.0,3.0,2.0,1.0,2.0,2.0,0.0,13.0,10.0,23.0,12.0,0.0,14.0,7.0,8.0,5.0,4.0,7.0,10.0,23.0,13.0,7.0,0.0,0.0,0.0,0.0,0.0,0.0,0.0,0.0,0.0,0.0,0.0,0.0,0.0,0.0,0.0,0.0,0.0,0.0,0.0,0.0,0.0,0.0
0.0,37.0,85.0,30.0,36.0,28.0,15.0,11.0,2.0,4.0,2.0,1.0,2.0,21.0,15.0,23.0,3.0,0.0,13.0,27.0,14.0,14.0,3.0,4.0,20.0,33.0,29.0,26.0,0.0,0.0,0.0,0.0,0.0,0.0,0.0,0.0,0.0,0.0,0.0,0.0,0.0,0.0,0.0,0.0,0.0,0.0,0.0,0.0,0.0,0.0
2.0,71.0,164.0,67.0,69.0,69.0,31.0,49.0,5.0,14.0,11.0,11.0,2.0,24.0,18.0,20.0,5.0,0.0,17.0,34.0,19.0,10.0,8.0,15.0,26.0,60.0,47.0,26.0,0.0,0.0,0.0,0.0,0.0,0.0,0.0,0.0,0.0,0.0,0.0,0.0,0.0,0.0,0.0,0.0,0.0,0.0,0.0,0.0,0.0,0.0
6.0,51.0,77.0,44.0,68.0,35.0,32.0,19.0,3.0,6.0,8.0,12.0,9.0,31.0,14.0,19.0,3.0,0.0,10.0,18.0,10.0,12.0,5.0,9.0,16.0,37.0,28.0,24.0,0.0,0.0,0.0,0.0,0.0,0.0,0.0,0.0,0.0,0.0,0.0,0.0,0.0,0.0,0.0,0.0,0.0,0.0,0.0,0.0,0.0,0.0
0.0,108.0,143.0,29.0,147.0,22.0,41.0,20.0,6.0,8.0,12.0,6.0,9.0,23.0,18.0,20.0,3.0,0.0,18.0,28.0,16.0,5.0,11.0,13.0,22.0,54.0,37.0,31.0,0.0,0.0,0.0,0.0,0.0,0.0,0.0,0.0,0.0,0.0,0.0,0.0,0.0,0.0,0.0,0.0,0.0,0.0,0.0,0.0,0.0,0.0
2.0,139.0,105.0,62.0,196.0,48.0,26.0,21.0,6.0,9.0,8.0,10.0,5.0,31.0,20.0,17.0,10.0,0.0,16.0,28.0,16.0,7.0,2.0,12.0,18.0,44.0,37.0,23.0,0.0,0.0,0.0,0.0,0.0,0.0,0.0,0.0,0.0,0.0,0.0,0.0,0.0,0.0,0.0,0.0,0.0,0.0,0.0,0.0,0.0,0.0
2.0,18.0,36.0,68.0,50.0,34.0,10.0,3.0,5.0,6.0,6.0,2.0,6.0,11.0,11.0,13.0,1.0,0.0,11.0,20.0,13.0,11.0,10.0,9.0,8.0,22.0,22.0,17.0,0.0,0.0,0.0,0.0,0.0,0.0,0.0,0.0,0.0,0.0,0.0,0.0,0.0,0.0,0.0,0.0,0.0,0.0,0.0,0.0,0.0,0.0
2.0,8.0,11.0,10.0,17.0,11.0,2.0,3.0,5.0,13.0,26.0,27.0,27.0,3.0,2.0,4.0,5.0,0.0,11.0,7.0,5.0,6.0,6.0,5.0,9.0,22.0,11.0,29.0,0.0,0.0,0.0,0.0,0.0,0.0,0.0,0.0,0.0,0.0,0.0,0.0,0.0,0.0,0.0,0.0,0.0,0.0,0.0,0.0,0.0,0.0
2.0,47.0,25.0,29.0,34.0,22.0,9.0,7.0,2.0,5.0,15.0,6.0,12.0,15.0,9.0,11.0,4.0,0.0,10.0,13.0,6.0,0.0,6.0,8.0,12.0,27.0,21.0,19.0,0.0,0.0,0.0,0.0,0.0,0.0,0.0,0.0,0.0,0.0,0.0,0.0,0.0,0.0,0.0,0.0,0.0,0.0,0.0,0.0,0.0,0.0
0.0,32.0,32.0,27.0,14.0,10.0,8.0,4.0,16.0,25.0,34.0,22.0,11.0,4.0,2.0,3.0,0.0,0.0,16.0,26.0,7.0,7.0,5.0,6.0,13.0,45.0,25.0,31.0,0.0,0.0,0.0,0.0,0.0,0.0,0.0,0.0,0.0,0.0,0.0,0.0,0.0,0.0,0.0,0.0,0.0,0.0,0.0,0.0,0.0,0.0
2.0,26.0,31.0,58.0,62.0,42.0,14.0,8.0,0.0,3.0,3.0,4.0,5.0,9.0,11.0,5.0,7.0,0.0,12.0,16.0,11.0,5.0,5.0,3.0,13.0,16.0,23.0,28.0,0.0,0.0,0.0,0.0,0.0,0.0,0.0,0.0,0.0,0.0,0.0,0.0,0.0,0.0,0.0,0.0,0.0,0.0,0.0,0.0,0.0,0.0
2.0,39.0,59.0,48.0,70.0,37.0,13.0,19.0,1.0,3.0,3.0,8.0,2.0,26.0,18.0,14.0,0.0,1.0,12.0,23.0,14.0,6.0,5.0,5.0,12.0,15.0,13.0,13.0,0.0,0.0,0.0,0.0,0.0,0.0,0.0,0.0,0.0,0.0,0.0,0.0,0.0,0.0,0.0,0.0,0.0,0.0,0.0,0.0,0.0,0.0
0.0,5.0,19.0,25.0,29.0,16.0,4.0,8.0,1.0,0.0,3.0,4.0,2.0,22.0,9.0,12.0,1.0,0.0,9.0,17.0,5.0,3.0,5.0,10.0,12.0,18.0,20.0,23.0,0.0,0.0,0.0,0.0,0.0,0.0,0.0,0.0,0.0,0.0,0.0,0.0,0.0,0.0,0.0,0.0,0.0,0.0,0.0,0.0,0.0,0.0
0.0,8.0,11.0,12.0,7.0,6.0,0.0,3.0,5.0,12.0,5.0,10.0,9.0,2.0,1.0,4.0,1.0,0.0,9.0,17.0,3.0,7.0,3.0,8.0,9.0,23.0,16.0,8.0,0.0,0.0,0.0,0.0,0.0,0.0,0.0,0.0,0.0,0.0,0.0,0.0,0.0,0.0,0.0,0.0,0.0,0.0,0.0,0.0,0.0,0.0
0.0,15.0,25.0,20.0,26.0,19.0,12.0,3.0,0.0,2.0,2.0,0.0,2.0,21.0,11.0,7.0,1.0,0.0,8.0,9.0,11.0,3.0,7.0,9.0,9.0,10.0,12.0,21.0,0.0,0.0,0.0,0.0,0.0,0.0,0.0,0.0,0.0,0.0,0.0,0.0,0.0,0.0,0.0,0.0,0.0,0.0,0.0,0.0,0.0,0.0
2.0,13.0,29.0,23.0,22.0,27.0,32.0,8.0,8.0,5.0,14.0,10.0,7.0,1.0,2.0,0.0,8.0,0.0,7.0,15.0,4.0,3.0,5.0,2.0,9.0,17.0,16.0,10.0,0.0,0.0,0.0,0.0,0.0,0.0,0.0,0.0,0.0,0.0,0.0,0.0,0.0,0.0,0.0,0.0,0.0,0.0,0.0,0.0,0.0,0.0
0.0,5.0,21.0,18.0,22.0,7.0,2.0,0.0,0.0,3.0,9.0,8.0,5.0,2.0,1.0,5.0,0.0,0.0,10.0,10.0,4.0,3.0,8.0,4.0,13.0,22.0,12.0,7.0,0.0,0.0,0.0,0.0,0.0,0.0,0.0,0.0,0.0,0.0,0.0,0.0,0.0,0.0,0.0,0.0,0.0,0.0,0.0,0.0,0.0,0.0
0.0,13.0,16.0,12.0,24.0,17.0,5.0,29.0,1.0,2.0,2.0,1.0,2.0,20.0,7.0,15.0,0.0,0.0,8.0,10.0,7.0,6.0,3.0,8.0,13.0,27.0,22.0,15.0,0.0,0.0,0.0,0.0,0.0,0.0,0.0,0.0,0.0,0.0,0.0,0.0,0.0,0.0,0.0,0.0,0.0,0.0,0.0,0.0,0.0,0.0
0.0,16.0,32.0,27.0,32.0,24.0,1.0,3.0,1.0,2.0,2.0,1.0,2.0,9.0,15.0,10.0,4.0,0.0,15.0,16.0,11.0,15.0,6.0,8.0,22.0,39.0,38.0,10.0,0.0,0.0,0.0,0.0,0.0,0.0,0.0,0.0,0.0,0.0,0.0,0.0,0.0,0.0,0.0,0.0,0.0,0.0,0.0,0.0,0.0,0.0
0.0,18.0,40.0,41.0,38.0,44.0,19.0,15.0,3.0,2.0,19.0,3.0,9.0,8.0,6.0,10.0,3.0,0.0,13.0,20.0,12.0,5.0,10.0,14.0,19.0,35.0,42.0,9.0,0.0,0.0,0.0,0.0,0.0,0.0,0.0,0.0,0.0,0.0,0.0,0.0,0.0,0.0,0.0,0.0,0.0,0.0,0.0,0.0,0.0,0.0
0.0,13.0,8.0,17.0,27.0,12.0,1.0,8.0,3.0,8.0,5.0,4.0,17.0,0.0,0.0,1.0,3.0,0.0,7.0,8.0,5.0,4.0,9.0,5.0,19.0,22.0,16.0,5.0,0.0,0.0,0.0,0.0,0.0,0.0,0.0,0.0,0.0,0.0,0.0,0.0,0.0,0.0,0.0,0.0,0.0,0.0,0.0,0.0,0.0,0.0
1.0,11.0,5.0,10.0,13.0,0.0,2.0,1.0,11.0,9.0,10.0,9.0,14.0,5.0,4.0,0.0,4.0,0.0,16.0,19.0,6.0,6.0,6.0,5.0,12.0,23.0,23.0,30.0,0.0,0.0,0.0,0.0,0.0,0.0,0.0,0.0,0.0,0.0,0.0,0.0,0.0,0.0,0.0,0.0,0.0,0.0,0.0,0.0,0.0,0.0
0.0,22.0,26.0,29.0,33.0,26.0,19.0,8.0,1.0,1.0,0.0,0.0,0.0,15.0,14.0,22.0,5.0,0.0,8.0,16.0,6.0,7.0,7.0,12.0,23.0,32.0,23.0,15.0,0.0,0.0,0.0,0.0,0.0,0.0,0.0,0.0,0.0,0.0,0.0,0.0,0.0,0.0,0.0,0.0,0.0,0.0,0.0,0.0,0.0,0.0
1.0,16.0,49.0,23.0,21.0,16.0,16.0,14.0,2.0,2.0,6.0,8.0,2.0,16.0,7.0,21.0,1.0,0.0,18.0,21.0,11.0,8.0,6.0,14.0,22.0,36.0,32.0,17.0,0.0,0.0,0.0,0.0,0.0,0.0,0.0,0.0,0.0,0.0,0.0,0.0,0.0,0.0,0.0,0.0,0.0,0.0,0.0,0.0,0.0,0.0
1.0,9.0,22.0,33.0,8.0,8.0,3.0,11.0,24.0,25.0,24.0,31.0,33.0,4.0,2.0,2.0,4.0,0.0,11.0,10.0,6.0,10.0,3.0,11.0,15.0,22.0,30.0,23.0,0.0,0.0,0.0,0.0,0.0,0.0,0.0,0.0,0.0,0.0,0.0,0.0,0.0,0.0,0.0,0.0,0.0,0.0,0.0,0.0,0.0,0.0
1.0,14.0,14.0,12.0,6.0,14.0,3.0,7.0,35.0,14.0,10.0,24.0,25.0,1.0,1.0,1.0,1.0,0.0,11.0,8.0,5.0,5.0,6.0,6.0,10.0,25.0,16.0,8.0,0.0,0.0,0.0,0.0,0.0,0.0,0.0,0.0,0.0,0.0,0.0,0.0,0.0,0.0,0.0,0.0,0.0,0.0,0.0,0.0,0.0,0.0
2.0,19.0,12.0,32.0,9.0,0.0,4.0,7.0,28.0,16.0,32.0,22.0,9.0,2.0,3.0,5.0,6.0,0.0,12.0,12.0,19.0,22.0,21.0,18.0,34.0,61.0,37.0,20.0,0.0,0.0,0.0,0.0,0.0,0.0,0.0,0.0,0.0,0.0,0.0,0.0,0.0,0.0,0.0,0.0,0.0,0.0,0.0,0.0,0.0,0.0
0.0,1.0,2.0,22.0,0.0,3.0,11.0,1.0,0.0,1.0,4.0,10.0,4.0,10.0,8.0,14.0,6.0,0.0,16.0,11.0,19.0,24.0,11.0,14.0,21.0,46.0,47.0,19.0,0.0,0.0,0.0,0.0,0.0,0.0,0.0,0.0,0.0,0.0,0.0,0.0,0.0,0.0,0.0,0.0,0.0,0.0,0.0,0.0,0.0,0.0
0.0,0.0,7.0,50.0,16.0,7.0,11.0,1.0,8.0,29.0,29.0,26.0,12.0,10.0,8.0,8.0,5.0,0.0,13.0,15.0,25.0,20.0,16.0,16.0,18.0,33.0,47.0,20.0,0.0,0.0,0.0,0.0,0.0,0.0,0.0,0.0,0.0,0.0,0.0,0.0,0.0,0.0,0.0,0.0,0.0,0.0,0.0,0.0,0.0,0.0
0.0,7.0,14.0,20.0,0.0,0.0,6.0,0.0,23.0,68.0,59.0,55.0,31.0,4.0,3.0,2.0,1.0,0.0,21.0,26.0,53.0,28.0,7.0,22.0,34.0,83.0,60.0,41.0,0.0,0.0,0.0,0.0,0.0,0.0,0.0,0.0,0.0,0.0,0.0,0.0,0.0,0.0,0.0,0.0,0.0,0.0,0.0,0.0,0.0,0.0
3.0,18.0,1.0,41.0,2.0,29.0,13.0,1.0,67.0,92.0,67.0,114.0,47.0,6.0,6.0,7.0,5.0,0.0,13.0,15.0,25.0,28.0,6.0,17.0,24.0,52.0,52.0,21.0,0.0,0.0,0.0,0.0,0.0,0.0,0.0,0.0,0.0,0.0,0.0,0.0,0.0,0.0,0.0,0.0,0.0,0.0,0.0,0.0,0.0,0.0
0.0,0.0,3.0,130.0,17.0,9.0,22.0,0.0,20.0,26.0,20.0,16.0,15.0,10.0,10.0,12.0,0.0,0.0,9.0,6.0,18.0,15.0,10.0,13.0,16.0,29.0,18.0,17.0,0.0,0.0,0.0,0.0,0.0,0.0,0.0,0.0,0.0,0.0,0.0,0.0,0.0,0.0,0.0,0.0,0.0,0.0,0.0,0.0,0.0,0.0
0.0,0.0,19.0,170.0,99.0,66.0,36.0,23.0,2.0,5.0,3.0,7.0,3.0,8.0,6.0,11.0,9.0,0.0,12.0,8.0,12.0,9.0,9.0,16.0,15.0,33.0,17.0,8.0,0.0,0.0,0.0,0.0,0.0,0.0,0.0,0.0,0.0,0.0,0.0,0.0,0.0,0.0,0.0,0.0,0.0,0.0,0.0,0.0,0.0,0.0
2.0,7.0,62.0,113.0,97.0,67.0,27.0,29.0,55.0,57.0,52.0,47.0,29.0,5.0,3.0,6.0,3.0,0.0,15.0,4.0,19.0,10.0,5.0,3.0,13.0,22.0,20.0,6.0,0.0,0.0,0.0,0.0,0.0,0.0,0.0,0.0,0.0,0.0,0.0,0.0,0.0,0.0,0.0,0.0,0.0,0.0,0.0,0.0,0.0,0.0
0.0,0.0,0.0,29.0,0.0,0.0,12.0,0.0,231.0,377.0,264.0,334.0,217.0,1.0,2.0,2.0,3.0,2.0,8.0,16.0,14.0,6.0,5.0,8.0,10.0,28.0,16.0,9.0,0.0,0.0,0.0,0.0,0.0,0.0,0.0,0.0,0.0,0.0,0.0,0.0,0.0,0.0,0.0,0.0,0.0,0.0,0.0,0.0,0.0,0.0
0.0,0.0,0.0,5.0,0.0,0.0,3.0,0.0,97.0,142.0,95.0,143.0,106.0,0.0,0.0,0.0,3.0,2.0,5.0,1.0,3.0,0.0,2.0,0.0,4.0,5.0,4.0,2.0,0.0,0.0,0.0,0.0,0.0,0.0,0.0,0.0,0.0,0.0,0.0,0.0,0.0,0.0,0.0,0.0,0.0,0.0,0.0,0.0,0.0,0.0
2.0,2.0,0.0,20.0,0.0,2.0,14.0,0.0,122.0,207.0,145.0,176.0,105.0,1.0,3.0,6.0,4.0,4.0,29.0,23.0,21.0,16.0,12.0,22.0,26.0,42.0,25.0,10.0,0.0,0.0,0.0,0.0,0.0,0.0,0.0,0.0,0.0,0.0,0.0,0.0,0.0,0.0,0.0,0.0,0.0,0.0,0.0,0.0,0.0,0.0
3.0,0.0,0.0,55.0,1.0,6.0,17.0,0.0,15.0,10.0,4.0,13.0,8.0,1.0,4.0,9.0,6.0,2.0,14.0,12.0,14.0,9.0,9.0,5.0,9.0,28.0,19.0,9.0,0.0,0.0,0.0,0.0,0.0,0.0,0.0,0.0,0.0,0.0,0.0,0.0,0.0,0.0,0.0,0.0,0.0,0.0,0.0,0.0,0.0,0.0
1.0,0.0,0.0,24.0,0.0,0.0,11.0,0.0,25.0,53.0,52.0,62.0,41.0,1.0,5.0,1.0,2.0,3.0,15.0,11.0,13.0,8.0,9.0,7.0,11.0,25.0,16.0,12.0,0.0,0.0,0.0,0.0,0.0,0.0,0.0,0.0,0.0,0.0,0.0,0.0,0.0,0.0,0.0,0.0,0.0,0.0,0.0,0.0,0.0,0.0
3.0,0.0,0.0,78.0,2.0,0.0,23.0,1.0,0.0,3.0,2.0,0.0,0.0,5.0,8.0,3.0,8.0,5.0,6.0,12.0,13.0,7.0,5.0,9.0,14.0,15.0,14.0,15.0,0.0,0.0,0.0,0.0,0.0,0.0,0.0,0.0,0.0,0.0,0.0,0.0,0.0,0.0,0.0,0.0,0.0,0.0,0.0,0.0,0.0,0.0
19.0,11.0,8.0,74.0,20.0,11.0,24.0,11.0,1.0,3.0,0.0,4.0,2.0,2.0,4.0,1.0,2.0,13.0,7.0,21.0,14.0,5.0,3.0,7.0,10.0,13.0,15.0,3.0,0.0,0.0,0.0,0.0,0.0,0.0,0.0,0.0,0.0,0.0,0.0,0.0,0.0,0.0,0.0,0.0,0.0,0.0,0.0,0.0,0.0,0.0
7.0,25.0,31.0,29.0,42.0,27.0,11.0,13.0,1.0,7.0,4.0,4.0,2.0,1.0,3.0,1.0,1.0,6.0,7.0,8.0,3.0,4.0,6.0,7.0,8.0,13.0,8.0,2.0,0.0,0.0,0.0,0.0,0.0,0.0,0.0,0.0,0.0,0.0,0.0,0.0,0.0,0.0,0.0,0.0,0.0,0.0,0.0,0.0,0.0,0.0
12.0,14.0,23.0,33.0,30.0,18.0,6.0,7.0,8.0,9.0,8.0,11.0,3.0,6.0,2.0,0.0,3.0,5.0,20.0,30.0,7.0,5.0,3.0,11.0,9.0,16.0,14.0,9.0,0.0,0.0,0.0,0.0,0.0,0.0,0.0,0.0,0.0,0.0,0.0,0.0,0.0,0.0,0.0,0.0,0.0,0.0,0.0,0.0,0.0,0.0
16.0,22.0,23.0,12.0,24.0,14.0,5.0,6.0,90.0,97.0,31.0,39.0,26.0,1.0,2.0,0.0,1.0,11.0,11.0,13.0,8.0,4.0,4.0,1.0,9.0,21.0,10.0,8.0,0.0,0.0,0.0,0.0,0.0,0.0,0.0,0.0,0.0,0.0,0.0,0.0,0.0,0.0,0.0,0.0,0.0,0.0,0.0,0.0,0.0,0.0
15.0,509.0,591.0,31.0,686.0,342.0,9.0,130.0,3.0,3.0,4.0,7.0,3.0,6.0,4.0,4.0,1.0,7.0,12.0,16.0,10.0,3.0,9.0,8.0,11.0,23.0,12.0,9.0,0.0,0.0,0.0,0.0,0.0,0.0,0.0,0.0,0.0,0.0,0.0,0.0,0.0,0.0,0.0,0.0,0.0,0.0,0.0,0.0,0.0,0.0
27.0,63.0,85.0,37.0,57.0,40.0,15.0,18.0,22.0,20.0,6.0,12.0,14.0,0.0,2.0,6.0,3.0,5.0,11.0,16.0,9.0,15.0,5.0,7.0,7.0,20.0,16.0,20.0,0.0,0.0,0.0,0.0,0.0,0.0,0.0,0.0,0.0,0.0,0.0,0.0,0.0,0.0,0.0,0.0,0.0,0.0,0.0,0.0,0.0,0.0
21.0,63.0,30.0,26.0,59.0,31.0,6.0,12.0,30.0,43.0,26.0,44.0,59.0,0.0,3.0,2.0,7.0,15.0,28.0,24.0,23.0,12.0,10.0,6.0,15.0,38.0,33.0,16.0,0.0,0.0,0.0,0.0,0.0,0.0,0.0,0.0,0.0,0.0,0.0,0.0,0.0,0.0,0.0,0.0,0.0,0.0,0.0,0.0,0.0,0.0
21.0,58.0,12.0,48.0,71.0,107.0,15.0,45.0,7.0,6.0,7.0,5.0,9.0,0.0,6.0,9.0,2.0,11.0,17.0,21.0,16.0,10.0,9.0,8.0,13.0,42.0,25.0,14.0,0.0,0.0,0.0,0.0,0.0,0.0,0.0,0.0,0.0,0.0,0.0,0.0,0.0,0.0,0.0,0.0,0.0,0.0,0.0,0.0,0.0,0.0
12.0,1.0,1.0,5.0,0.0,14.0,4.0,6.0,40.0,60.0,26.0,61.0,69.0,0.0,3.0,1.0,4.0,4.0,21.0,19.0,10.0,9.0,12.0,6.0,16.0,32.0,25.0,5.0,0.0,0.0,0.0,0.0,0.0,0.0,0.0,0.0,0.0,0.0,0.0,0.0,0.0,0.0,0.0,0.0,0.0,0.0,0.0,0.0,0.0,0.0
22.0,0.0,0.0,117.0,1.0,65.0,33.0,63.0,6.0,12.0,4.0,4.0,4.0,0.0,5.0,0.0,8.0,10.0,29.0,32.0,33.0,17.0,21.0,12.0,33.0,42.0,41.0,12.0,0.0,0.0,0.0,0.0,0.0,0.0,0.0,0.0,0.0,0.0,0.0,0.0,0.0,0.0,0.0,0.0,0.0,0.0,0.0,0.0,0.0,0.0
15.0,0.0,2.0,413.0,1.0,77.0,106.0,113.0,22.0,60.0,32.0,27.0,21.0,0.0,6.0,4.0,6.0,13.0,23.0,24.0,28.0,8.0,16.0,20.0,17.0,59.0,50.0,1.0,0.0,0.0,0.0,0.0,0.0,0.0,0.0,0.0,0.0,0.0,0.0,0.0,0.0,0.0,0.0,0.0,0.0,0.0,0.0,0.0,0.0,0.0
15.0,5.0,0.0,110.0,22.0,12.0,19.0,35.0,50.0,254.0,77.0,95.0,43.0,0.0,3.0,3.0,9.0,21.0,15.0,23.0,11.0,11.0,9.0,13.0,13.0,33.0,12.0,8.0,0.0,0.0,0.0,0.0,0.0,0.0,0.0,0.0,0.0,0.0,0.0,0.0,0.0,0.0,0.0,0.0,0.0,0.0,0.0,0.0,0.0,0.0
10.0,56.0,15.0,44.0,130.0,69.0,8.0,13.0,303.0,457.0,20.0,374.0,151.0,0.0,4.0,2.0,6.0,16.0,12.0,21.0,9.0,7.0,2.0,3.0,13.0,22.0,13.0,0.0,0.0,0.0,0.0,0.0,0.0,0.0,0.0,0.0,0.0,0.0,0.0,0.0,0.0,0.0,0.0,0.0,0.0,0.0,0.0,0.0,0.0,0.0
50.0,0.0,4.0,2.0,0.0,0.0,2.0,2.0,134.0,161.0,31.0,151.0,100.0,0.0,0.0,0.0,4.0,13.0,13.0,12.0,10.0,3.0,5.0,5.0,5.0,16.0,16.0,0.0,0.0,0.0,0.0,0.0,0.0,0.0,0.0,0.0,0.0,0.0,0.0,0.0,0.0,0.0,0.0,0.0,0.0,0.0,0.0,0.0,0.0,0.0
44.0,1.0,0.0,0.0,0.0,1.0,0.0,0.0,7.0,1.0,0.0,11.0,8.0,0.0,0.0,1.0,4.0,11.0,13.0,10.0,9.0,8.0,7.0,5.0,13.0,12.0,6.0,0.0,0.0,0.0,0.0,0.0,0.0,0.0,0.0,0.0,0.0,0.0,0.0,0.0,0.0,0.0,0.0,0.0,0.0,0.0,0.0,0.0,0.0,0.0
22.0,1.0,0.0,0.0,0.0,0.0,0.0,0.0,0.0,0.0,0.0,0.0,0.0,0.0,4.0,3.0,6.0,5.0,15.0,12.0,7.0,8.0,4.0,6.0,5.0,12.0,8.0,0.0,0.0,0.0,0.0,0.0,0.0,0.0,0.0,0.0,0.0,0.0,0.0,0.0,0.0,0.0,0.0,0.0,0.0,0.0,0.0,0.0,0.0,0.0
16.0,0.0,0.0,0.0,0.0,0.0,0.0,0.0,0.0,0.0,0.0,0.0,0.0,0.0,2.0,3.0,7.0,8.0,18.0,11.0,11.0,10.0,6.0,5.0,10.0,22.0,10.0,0.0,0.0,0.0,0.0,0.0,0.0,0.0,0.0,0.0,0.0,0.0,0.0,0.0,0.0,0.0,0.0,0.0,0.0,0.0,0.0,0.0,0.0,0.0
38.0,0.0,0.0,0.0,0.0,0.0,0.0,0.0,0.0,0.0,0.0,0.0,0.0,0.0,0.0,0.0,0.0,8.0,14.0,13.0,7.0,2.0,3.0,10.0,10.0,19.0,14.0,0.0,0.0,0.0,0.0,0.0,0.0,0.0,0.0,0.0,0.0,0.0,0.0,0.0,0.0,0.0,0.0,0.0,0.0,0.0,0.0,0.0,0.0,0.0
20.0,0.0,0.0,3.0,7.0,3.0,0.0,0.0,0.0,2.0,1.0,5.0,1.0,0.0,0.0,0.0,2.0,8.0,5.0,11.0,19.0,7.0,5.0,12.0,6.0,14.0,6.0,1.0,0.0,0.0,0.0,0.0,0.0,0.0,0.0,0.0,0.0,0.0,0.0,0.0,0.0,0.0,0.0,0.0,0.0,0.0,0.0,0.0,0.0,0.0
19.0,5.0,11.0,9.0,10.0,0.0,0.0,3.0,34.0,94.0,24.0,85.0,50.0,0.0,0.0,0.0,8.0,9.0,11.0,14.0,10.0,5.0,7.0,10.0,5.0,11.0,18.0,0.0,0.0,0.0,0.0,0.0,0.0,0.0,0.0,0.0,0.0,0.0,0.0,0.0,0.0,0.0,0.0,0.0,0.0,0.0,0.0,0.0,0.0,0.0
13.0,0.0,0.0,0.0,0.0,0.0,0.0,0.0,75.0,88.0,76.0,88.0,15.0,0.0,0.0,0.0,1.0,1.0,5.0,1.0,6.0,2.0,0.0,0.0,5.0,5.0,5.0,0.0,0.0,0.0,0.0,0.0,0.0,0.0,0.0,0.0,0.0,0.0,0.0,0.0,0.0,0.0,0.0,0.0,0.0,0.0,0.0,0.0,0.0,0.0
36.0,0.0,0.0,0.0,0.0,0.0,0.0,0.0,8.0,71.0,21.0,29.0,21.0,0.0,1.0,3.0,0.0,4.0,8.0,2.0,15.0,6.0,5.0,7.0,10.0,17.0,15.0,2.0,0.0,0.0,0.0,0.0,0.0,0.0,0.0,0.0,0.0,0.0,0.0,0.0,0.0,0.0,0.0,0.0,0.0,0.0,0.0,0.0,0.0,0.0
17.0,0.0,0.0,0.0,0.0,0.0,0.0,0.0,47.0,45.0,42.0,64.0,43.0,0.0,0.0,1.0,1.0,6.0,13.0,8.0,17.0,3.0,5.0,5.0,12.0,30.0,16.0,5.0,0.0,0.0,0.0,0.0,0.0,0.0,0.0,0.0,0.0,0.0,0.0,0.0,0.0,0.0,0.0,0.0,0.0,0.0,0.0,0.0,0.0,0.0
12.0,0.0,0.0,0.0,0.0,0.0,0.0,0.0,17.0,56.0,23.0,42.0,29.0,0.0,0.0,0.0,7.0,10.0,6.0,8.0,12.0,10.0,1.0,13.0,7.0,13.0,19.0,2.0,0.0,0.0,0.0,0.0,0.0,0.0,0.0,0.0,0.0,0.0,0.0,0.0,0.0,0.0,0.0,0.0,0.0,0.0,0.0,0.0,0.0,0.0
19.0,0.0,0.0,0.0,0.0,0.0,0.0,0.0,201.0,306.0,208.0,229.0,187.0,0.0,0.0,1.0,9.0,12.0,24.0,25.0,42.0,28.0,20.0,25.0,25.0,39.0,51.0,15.0,0.0,0.0,0.0,0.0,0.0,0.0,0.0,0.0,0.0,0.0,0.0,0.0,0.0,0.0,0.0,0.0,0.0,0.0,0.0,0.0,0.0,0.0
19.0,0.0,0.0,0.0,0.0,0.0,0.0,0.0,139.0,190.0,169.0,158.0,116.0,0.0,0.0,1.0,8.0,9.0,16.0,13.0,33.0,18.0,9.0,20.0,21.0,39.0,26.0,5.0,0.0,0.0,0.0,0.0,0.0,0.0,0.0,0.0,0.0,0.0,0.0,0.0,0.0,0.0,0.0,0.0,0.0,0.0,0.0,0.0,0.0,0.0
25.0,0.0,0.0,0.0,0.0,0.0,0.0,0.0,57.0,162.0,76.0,123.0,92.0,0.0,0.0,1.0,3.0,4.0,15.0,20.0,19.0,10.0,10.0,12.0,18.0,20.0,23.0,3.0,0.0,0.0,0.0,0.0,0.0,0.0,0.0,0.0,0.0,0.0,0.0,0.0,0.0,0.0,0.0,0.0,0.0,0.0,0.0,0.0,0.0,0.0
21.0,0.0,0.0,0.0,0.0,0.0,0.0,0.0,36.0,52.0,31.0,24.0,50.0,2.0,3.0,2.0,4.0,11.0,16.0,14.0,17.0,9.0,5.0,8.0,8.0,17.0,19.0,2.0,0.0,0.0,0.0,0.0,0.0,0.0,0.0,0.0,0.0,0.0,0.0,0.0,0.0,0.0,0.0,0.0,0.0,0.0,0.0,0.0,0.0,0.0
336.0,0.0,0.0,0.0,0.0,0.0,0.0,0.0,56.0,49.0,27.0,28.0,42.0,1.0,0.0,2.0,2.0,3.0,19.0,16.0,17.0,4.0,3.0,6.0,10.0,26.0,8.0,5.0,0.0,0.0,0.0,0.0,0.0,0.0,0.0,0.0,0.0,0.0,0.0,0.0,0.0,0.0,0.0,0.0,0.0,0.0,0.0,0.0,0.0,0.0
101.0,0.0,0.0,0.0,0.0,0.0,0.0,0.0,7.0,34.0,4.0,75.0,11.0,1.0,0.0,0.0,4.0,4.0,5.0,6.0,3.0,3.0,2.0,1.0,2.0,3.0,1.0,5.0,0.0,0.0,0.0,0.0,0.0,0.0,0.0,0.0,0.0,0.0,0.0,0.0,0.0,0.0,0.0,0.0,0.0,0.0,0.0,0.0,0.0,0.0
188.0,0.0,0.0,0.0,0.0,0.0,0.0,0.0,52.0,85.0,59.0,86.0,58.0,3.0,0.0,0.0,3.0,16.0,22.0,23.0,24.0,20.0,12.0,19.0,24.0,54.0,47.0,9.0,0.0,0.0,0.0,0.0,0.0,0.0,0.0,0.0,0.0,0.0,0.0,0.0,0.0,0.0,0.0,0.0,0.0,0.0,0.0,0.0,0.0,0.0
69.0,0.0,0.0,0.0,0.0,0.0,0.0,0.0,14.0,40.0,11.0,28.0,21.0,0.0,0.0,0.0,4.0,3.0,12.0,9.0,11.0,7.0,5.0,6.0,4.0,18.0,18.0,13.0,0.0,0.0,0.0,0.0,0.0,0.0,0.0,0.0,0.0,0.0,0.0,0.0,0.0,0.0,0.0,0.0,0.0,0.0,0.0,0.0,0.0,0.0
36.0,0.0,0.0,0.0,0.0,0.0,0.0,0.0,66.0,50.0,26.0,79.0,36.0,4.0,2.0,1.0,1.0,6.0,6.0,12.0,13.0,15.0,0.0,1.0,5.0,14.0,12.0,3.0,0.0,0.0,0.0,0.0,0.0,0.0,0.0,0.0,0.0,0.0,0.0,0.0,0.0,0.0,0.0,0.0,0.0,0.0,0.0,0.0,0.0,0.0
37.0,0.0,0.0,0.0,0.0,0.0,0.0,0.0,148.0,167.0,115.0,128.0,118.0,1.0,0.0,0.0,5.0,4.0,7.0,9.0,11.0,4.0,3.0,10.0,10.0,9.0,13.0,12.0,0.0,0.0,0.0,0.0,0.0,0.0,0.0,0.0,0.0,0.0,0.0,0.0,0.0,0.0,0.0,0.0,0.0,0.0,0.0,0.0,0.0,0.0
51.0,0.0,0.0,0.0,0.0,0.0,0.0,0.0,49.0,64.0,76.0,44.0,38.0,0.0,0.0,1.0,3.0,0.0,6.0,10.0,10.0,2.0,4.0,6.0,2.0,8.0,9.0,8.0,0.0,0.0,0.0,0.0,0.0,0.0,0.0,0.0,0.0,0.0,0.0,0.0,0.0,0.0,0.0,0.0,0.0,0.0,0.0,0.0,0.0,0.0
32.0,0.0,0.0,0.0,0.0,0.0,0.0,0.0,104.0,26.0,45.0,27.0,33.0,1.0,1.0,1.0,3.0,9.0,6.0,14.0,7.0,6.0,2.0,3.0,14.0,8.0,6.0,9.0,0.0,0.0,0.0,0.0,0.0,0.0,0.0,0.0,0.0,0.0,0.0,0.0,0.0,0.0,0.0,0.0,0.0,0.0,0.0,0.0,0.0,0.0
26.0,0.0,0.0,0.0,0.0,0.0,0.0,0.0,28.0,72.0,42.0,53.0,14.0,0.0,1.0,0.0,0.0,6.0,3.0,4.0,13.0,4.0,0.0,1.0,10.0,14.0,6.0,3.0,0.0,0.0,0.0,0.0,0.0,0.0,0.0,0.0,0.0,0.0,0.0,0.0,0.0,0.0,0.0,0.0,0.0,0.0,0.0,0.0,0.0,0.0
22.0,0.0,0.0,0.0,0.0,0.0,0.0,0.0,32.0,59.0,19.0,24.0,15.0,1.0,0.0,0.0,0.0,1.0,7.0,10.0,19.0,7.0,7.0,3.0,5.0,18.0,12.0,5.0,0.0,0.0,0.0,0.0,0.0,0.0,0.0,0.0,0.0,0.0,0.0,0.0,0.0,0.0,0.0,0.0,0.0,0.0,0.0,0.0,0.0,0.0
26.0,0.0,0.0,0.0,0.0,0.0,0.0,0.0,33.0,35.0,12.0,46.0,9.0,0.0,0.0,1.0,3.0,6.0,12.0,6.0,8.0,17.0,1.0,4.0,5.0,18.0,7.0,6.0,0.0,0.0,0.0,0.0,0.0,0.0,0.0,0.0,0.0,0.0,0.0,0.0,0.0,0.0,0.0,0.0,0.0,0.0,0.0,0.0,0.0,0.0
23.0,0.0,0.0,0.0,12.0,0.0,0.0,0.0,22.0,36.0,6.0,42.0,5.0,3.0,0.0,3.0,6.0,10.0,4.0,10.0,6.0,9.0,3.0,4.0,8.0,11.0,8.0,6.0,0.0,0.0,0.0,0.0,0.0,0.0,0.0,0.0,0.0,0.0,0.0,0.0,0.0,0.0,0.0,0.0,0.0,0.0,0.0,0.0,0.0,0.0
25.0,0.0,0.0,0.0,2.0,0.0,0.0,0.0,51.0,39.0,13.0,24.0,2.0,1.0,0.0,2.0,2.0,4.0,13.0,5.0,8.0,5.0,1.0,2.0,5.0,14.0,15.0,1.0,0.0,0.0,0.0,0.0,0.0,0.0,0.0,0.0,0.0,0.0,0.0,0.0,0.0,0.0,0.0,0.0,0.0,0.0,0.0,0.0,0.0,0.0
6.0,0.0,0.0,0.0,6.0,0.0,0.0,0.0,19.0,23.0,11.0,26.0,28.0,1.0,0.0,1.0,0.0,1.0,6.0,2.0,10.0,4.0,2.0,0.0,6.0,15.0,9.0,7.0,0.0,0.0,0.0,0.0,0.0,0.0,0.0,0.0,0.0,0.0,0.0,0.0,0.0,0.0,0.0,0.0,0.0,0.0,0.0,0.0,0.0,0.0
34.0,0.0,0.0,0.0,0.0,0.0,0.0,0.0,34.0,46.0,20.0,15.0,5.0,0.0,0.0,0.0,2.0,3.0,3.0,4.0,9.0,6.0,3.0,5.0,2.0,9.0,7.0,1.0,0.0,0.0,0.0,0.0,0.0,0.0,0.0,0.0,0.0,0.0,0.0,0.0,0.0,0.0,0.0,0.0,0.0,0.0,0.0,0.0,0.0,0.0
16.0,0.0,0.0,0.0,44.0,0.0,0.0,0.0,3.0,10.0,10.0,4.0,3.0,0.0,0.0,1.0,0.0,1.0,3.0,6.0,10.0,8.0,1.0,1.0,4.0,13.0,7.0,3.0,0.0,0.0,0.0,0.0,0.0,0.0,0.0,0.0,0.0,0.0,0.0,0.0,0.0,0.0,0.0,0.0,0.0,0.0,0.0,0.0,0.0,0.0
18.0,0.0,0.0,0.0,17.0,11.0,0.0,0.0,0.0,11.0,0.0,1.0,2.0,0.0,0.0,3.0,1.0,2.0,7.0,10.0,7.0,5.0,2.0,1.0,10.0,15.0,6.0,5.0,0.0,0.0,0.0,0.0,0.0,0.0,0.0,0.0,0.0,0.0,0.0,0.0,0.0,0.0,0.0,0.0,0.0,0.0,0.0,0.0,0.0,0.0
46.0,0.0,0.0,0.0,5.0,0.0,0.0,0.0,17.0,24.0,9.0,17.0,0.0,1.0,1.0,1.0,1.0,2.0,7.0,12.0,9.0,9.0,4.0,5.0,7.0,9.0,10.0,4.0,0.0,0.0,0.0,0.0,0.0,0.0,0.0,0.0,0.0,0.0,0.0,0.0,0.0,0.0,0.0,0.0,0.0,0.0,0.0,0.0,0.0,0.0
26.0,0.0,0.0,0.0,0.0,0.0,0.0,0.0,7.0,16.0,14.0,8.0,13.0,0.0,0.0,0.0,1.0,3.0,6.0,9.0,3.0,5.0,1.0,3.0,6.0,6.0,11.0,2.0,0.0,0.0,0.0,0.0,0.0,0.0,0.0,0.0,0.0,0.0,0.0,0.0,0.0,0.0,0.0,0.0,0.0,0.0,0.0,0.0,0.0,0.0
40.0,0.0,0.0,0.0,5.0,4.0,0.0,0.0,25.0,11.0,10.0,7.0,4.0,0.0,0.0,0.0,1.0,3.0,6.0,7.0,11.0,6.0,2.0,3.0,9.0,13.0,13.0,4.0,0.0,0.0,0.0,0.0,0.0,0.0,0.0,0.0,0.0,0.0,0.0,0.0,0.0,0.0,0.0,0.0,0.0,0.0,0.0,0.0,0.0,0.0
29.0,0.0,0.0,0.0,39.0,3.0,0.0,0.0,23.0,18.0,4.0,9.0,2.0,1.0,3.0,0.0,0.0,3.0,7.0,8.0,6.0,4.0,5.0,1.0,6.0,14.0,9.0,2.0,0.0,0.0,0.0,0.0,0.0,0.0,0.0,0.0,0.0,0.0,0.0,0.0,0.0,0.0,0.0,0.0,0.0,0.0,0.0,0.0,0.0,0.0
0.0,0.0,0.0,0.0,2.0,12.0,0.0,0.0,1.0,21.0,5.0,10.0,3.0,1.0,0.0,1.0,2.0,7.0,6.0,19.0,11.0,6.0,0.0,5.0,6.0,13.0,4.0,6.0,0.0,0.0,0.0,0.0,0.0,0.0,0.0,0.0,0.0,0.0,0.0,0.0,0.0,0.0,0.0,0.0,0.0,0.0,0.0,0.0,0.0,0.0
0.0,0.0,0.0,0.0,0.0,0.0,0.0,0.0,2.0,3.0,0.0,3.0,6.0,0.0,1.0,0.0,0.0,6.0,8.0,15.0,6.0,14.0,5.0,2.0,4.0,16.0,3.0,2.0,0.0,0.0,0.0,0.0,0.0,0.0,0.0,0.0,0.0,0.0,0.0,0.0,0.0,0.0,0.0,0.0,0.0,0.0,0.0,0.0,0.0,0.0
50.0,0.0,0.0,0.0,0.0,0.0,0.0,0.0,11.0,1.0,2.0,21.0,8.0,0.0,2.0,2.0,2.0,4.0,8.0,9.0,6.0,6.0,4.0,10.0,14.0,18.0,15.0,5.0,0.0,0.0,0.0,0.0,0.0,0.0,0.0,0.0,0.0,0.0,0.0,0.0,0.0,0.0,0.0,0.0,0.0,0.0,0.0,0.0,0.0,0.0
23.0,0.0,0.0,0.0,0.0,1.0,0.0,0.0,12.0,23.0,9.0,7.0,15.0,0.0,0.0,1.0,3.0,10.0,11.0,14.0,10.0,4.0,10.0,7.0,13.0,7.0,10.0,5.0,0.0,0.0,0.0,0.0,0.0,0.0,0.0,0.0,0.0,0.0,0.0,0.0,0.0,0.0,0.0,0.0,0.0,0.0,0.0,0.0,0.0,0.0
26.0,0.0,0.0,0.0,1.0,2.0,0.0,0.0,10.0,5.0,5.0,3.0,3.0,1.0,1.0,0.0,2.0,8.0,12.0,15.0,8.0,0.0,6.0,5.0,8.0,15.0,9.0,3.0,0.0,0.0,0.0,0.0,0.0,0.0,0.0,0.0,0.0,0.0,0.0,0.0,0.0,0.0,0.0,0.0,0.0,0.0,0.0,0.0,0.0,0.0
23.0,0.0,0.0,0.0,1.0,1.0,0.0,0.0,7.0,8.0,20.0,29.0,13.0,0.0,1.0,1.0,5.0,1.0,9.0,11.0,7.0,2.0,0.0,2.0,10.0,12.0,8.0,1.0,0.0,0.0,0.0,0.0,0.0,0.0,0.0,0.0,0.0,0.0,0.0,0.0,0.0,0.0,0.0,0.0,0.0,0.0,0.0,0.0,0.0,0.0
38.0,0.0,0.0,0.0,0.0,3.0,0.0,0.0,24.0,17.0,6.0,36.0,17.0,0.0,0.0,0.0,4.0,8.0,12.0,18.0,20.0,7.0,5.0,8.0,21.0,21.0,20.0,1.0,0.0,0.0,0.0,0.0,0.0,0.0,0.0,0.0,0.0,0.0,0.0,0.0,0.0,0.0,0.0,0.0,0.0,0.0,0.0,0.0,0.0,0.0
52.0,0.0,0.0,0.0,0.0,0.0,0.0,0.0,2.0,3.0,1.0,3.0,20.0,0.0,0.0,1.0,4.0,9.0,15.0,24.0,21.0,19.0,5.0,7.0,14.0,34.0,21.0,11.0,0.0,0.0,0.0,0.0,0.0,0.0,0.0,0.0,0.0,0.0,0.0,0.0,0.0,0.0,0.0,0.0,0.0,0.0,0.0,0.0,0.0,0.0
41.0,0.0,0.0,0.0,1.0,1.0,0.0,0.0,4.0,12.0,3.0,6.0,4.0,5.0,4.0,1.0,5.0,11.0,47.0,90.0,28.0,21.0,17.0,23.0,23.0,72.0,46.0,16.0,0.0,0.0,0.0,0.0,0.0,0.0,0.0,0.0,0.0,0.0,0.0,0.0,0.0,0.0,0.0,0.0,0.0,0.0,0.0,0.0,0.0,0.0
42.0,0.0,0.0,0.0,1.0,0.0,0.0,0.0,8.0,9.0,12.0,13.0,12.0,1.0,0.0,1.0,6.0,9.0,30.0,46.0,27.0,15.0,10.0,18.0,13.0,55.0,33.0,5.0,0.0,0.0,0.0,0.0,0.0,0.0,0.0,0.0,0.0,0.0,0.0,0.0,0.0,0.0,0.0,0.0,0.0,0.0,0.0,0.0,0.0,0.0
62.0,0.0,0.0,1.0,0.0,0.0,0.0,0.0,7.0,22.0,12.0,27.0,8.0,1.0,3.0,1.0,6.0,4.0,13.0,18.0,18.0,14.0,8.0,4.0,19.0,36.0,24.0,5.0,0.0,0.0,0.0,0.0,0.0,0.0,0.0,0.0,0.0,0.0,0.0,0.0,0.0,0.0,0.0,0.0,0.0,0.0,0.0,0.0,0.0,0.0
164.0,0.0,0.0,0.0,0.0,9.0,0.0,0.0,1.0,12.0,8.0,6.0,1.0,3.0,0.0,0.0,0.0,5.0,0.0,0.0,10.0,15.0,10.0,12.0,23.0,40.0,32.0,5.0,0.0,0.0,0.0,0.0,0.0,0.0,0.0,0.0,0.0,0.0,0.0,0.0,0.0,0.0,0.0,0.0,0.0,0.0,0.0,0.0,0.0,0.0
121.0,0.0,0.0,1.0,2.0,2.0,0.0,0.0,8.0,14.0,20.0,26.0,8.0,3.0,1.0,0.0,4.0,0.0,0.0,0.0,20.0,11.0,12.0,11.0,16.0,26.0,27.0,6.0,0.0,0.0,0.0,0.0,0.0,0.0,0.0,0.0,0.0,0.0,0.0,0.0,0.0,0.0,0.0,0.0,0.0,0.0,0.0,0.0,0.0,0.0
83.0,0.0,0.0,0.0,0.0,0.0,0.0,0.0,4.0,7.0,1.0,0.0,10.0,1.0,1.0,0.0,9.0,0.0,7.0,0.0,122.0,79.0,26.0,24.0,125.0,189.0,145.0,8.0,0.0,0.0,0.0,0.0,0.0,0.0,0.0,0.0,0.0,0.0,0.0,0.0,0.0,0.0,0.0,0.0,0.0,0.0,0.0,0.0,0.0,0.0
2100.0,0.0,0.0,0.0,0.0,7.0,0.0,0.0,19.0,21.0,28.0,28.0,9.0,7.0,5.0,6.0,11.0,7.0,1.0,0.0,211.0,107.0,25.0,37.0,143.0,10.0,227.0,16.0,0.0,0.0,0.0,0.0,0.0,0.0,0.0,0.0,0.0,0.0,0.0,0.0,0.0,0.0,0.0,0.0,0.0,0.0,0.0,0.0,0.0,0.0
354.0,0.0,0.0,0.0,0.0,0.0,0.0,0.0,0.0,3.0,4.0,5.0,1.0,6.0,1.0,1.0,3.0,11.0,0.0,1.0,50.0,22.0,6.0,8.0,20.0,4.0,49.0,5.0,0.0,0.0,0.0,0.0,0.0,0.0,0.0,0.0,0.0,0.0,0.0,0.0,0.0,0.0,0.0,0.0,0.0,0.0,0.0,0.0,0.0,0.0
163.0,0.0,0.0,0.0,0.0,14.0,0.0,0.0,24.0,33.0,19.0,36.0,7.0,2.0,3.0,5.0,5.0,12.0,0.0,1.0,26.0,23.0,18.0,12.0,25.0,8.0,23.0,10.0,0.0,0.0,0.0,0.0,0.0,0.0,0.0,0.0,0.0,0.0,0.0,0.0,0.0,0.0,0.0,0.0,0.0,0.0,0.0,0.0,0.0,0.0
38.0,0.0,0.0,0.0,0.0,1.0,0.0,0.0,4.0,24.0,9.0,19.0,9.0,6.0,6.0,4.0,3.0,9.0,0.0,0.0,18.0,9.0,5.0,12.0,18.0,5.0,24.0,8.0,0.0,0.0,0.0,0.0,0.0,0.0,0.0,0.0,0.0,0.0,0.0,0.0,0.0,0.0,0.0,0.0,0.0,0.0,0.0,0.0,0.0,0.0
66.0,0.0,0.0,0.0,0.0,0.0,0.0,0.0,24.0,27.0,13.0,19.0,30.0,10.0,7.0,3.0,30.0,39.0,1.0,3.0,136.0,87.0,41.0,69.0,119.0,226.0,131.0,47.0,0.0,0.0,0.0,0.0,0.0,0.0,0.0,0.0,0.0,0.0,0.0,0.0,0.0,0.0,0.0,0.0,0.0,0.0,0.0,0.0,0.0,0.0
194.0,0.0,0.0,0.0,0.0,0.0,0.0,0.0,25.0,28.0,25.0,25.0,24.0,1.0,0.0,1.0,27.0,57.0,1.0,1.0,167.0,122.0,48.0,100.0,157.0,353.0,177.0,50.0,0.0,0.0,0.0,0.0,0.0,0.0,0.0,0.0,0.0,0.0,0.0,0.0,0.0,0.0,0.0,0.0,0.0,0.0,0.0,0.0,0.0,0.0
236.0,0.0,0.0,0.0,0.0,1.0,0.0,0.0,15.0,42.0,33.0,56.0,42.0,1.0,2.0,0.0,26.0,49.0,1.0,1.0,199.0,102.0,108.0,130.0,189.0,401.0,296.0,50.0,0.0,0.0,0.0,0.0,0.0,0.0,0.0,0.0,0.0,0.0,0.0,0.0,0.0,0.0,0.0,0.0,0.0,0.0,0.0,0.0,0.0,0.0
114.0,0.0,0.0,0.0,0.0,3.0,0.0,0.0,78.0,95.0,101.0,45.0,43.0,2.0,0.0,3.0,23.0,115.0,0.0,0.0,170.0,208.0,114.0,144.0,262.0,12.0,179.0,69.0,0.0,0.0,0.0,0.0,0.0,0.0,0.0,0.0,0.0,0.0,0.0,0.0,0.0,0.0,0.0,0.0,0.0,0.0,0.0,0.0,0.0,0.0
325.0,0.0,0.0,0.0,0.0,2.0,0.0,0.0,63.0,95.0,104.0,108.0,85.0,4.0,3.0,2.0,77.0,279.0,0.0,0.0,103.0,399.0,273.0,431.0,381.0,119.0,36.0,171.0,0.0,0.0,0.0,0.0,0.0,3708.0,2820.0,3362.0,1809.0,3958.0,3887.0,2437.0,2781.0,0.0,0.0,0.0,0.0,0.0,0.0,0.0,0.0,0.0
205.0,0.0,0.0,0.0,0.0,70.0,0.0,0.0,147.0,205.0,177.0,159.0,70.0,116.0,111.0,102.0,19.0,7.0,6.0,6.0,12.0,187.0,179.0,228.0,254.0,195.0,285.0,183.0,0.0,0.0,0.0,0.0,0.0,2998.0,2321.0,2599.0,1538.0,3143.0,2972.0,1738.0,2142.0,0.0,0.0,0.0,0.0,0.0,0.0,0.0,0.0,0.0
217.0,0.0,0.0,0.0,0.0,162.0,0.0,0.0,431.0,166.0,948.0,809.0,445.0,182.0,179.0,184.0,67.0,127.0,3.0,3.0,26.0,13.0,241.0,344.0,202.0,163.0,294.0,5.0,0.0,0.0,0.0,0.0,0.0,170.0,102.0,147.0,42.0,181.0,205.0,99.0,103.0,0.0,0.0,0.0,0.0,0.0,0.0,0.0,0.0,0.0
265.0,0.0,0.0,0.0,0.0,0.0,0.0,0.0,119.0,20.0,804.0,258.0,450.0,37.0,40.0,33.0,123.0,7.0,70.0,69.0,34.0,10.0,333.0,289.0,33.0,52.0,179.0,1.0,0.0,0.0,0.0,0.0,0.0,120.0,85.0,95.0,66.0,236.0,176.0,151.0,136.0,0.0,0.0,0.0,0.0,0.0,0.0,0.0,0.0,0.0
239.0,0.0,0.0,0.0,0.0,0.0,0.0,0.0,204.0,86.0,646.0,350.0,386.0,183.0,202.0,198.0,76.0,3.0,0.0,0.0,14.0,54.0,283.0,267.0,75.0,49.0,92.0,2.0,0.0,0.0,0.0,0.0,0.0,118.0,70.0,109.0,42.0,30.0,38.0,17.0,18.0,0.0,0.0,0.0,0.0,0.0,0.0,0.0,0.0,0.0
90.0,0.0,0.0,0.0,0.0,0.0,0.0,0.0,34.0,17.0,20.0,21.0,15.0,3.0,9.0,1.0,6.0,24.0,2.0,3.0,8.0,7.0,28.0,33.0,40.0,49.0,32.0,30.0,0.0,0.0,0.0,0.0,0.0,3672.0,2232.0,1558.0,464.0,3252.0,2133.0,9.0,554.0,0.0,0.0,0.0,0.0,0.0,0.0,0.0,0.0,0.0
38.0,0.0,0.0,0.0,0.0,0.0,0.0,0.0,0.0,2.0,2.0,7.0,0.0,5.0,4.0,4.0,2.0,4.0,0.0,3.0,24.0,5.0,10.0,8.0,21.0,35.0,5.0,0.0,0.0,0.0,0.0,0.0,0.0,0.0,0.0,0.0,0.0,0.0,0.0,0.0,0.0,0.0,0.0,0.0,0.0,0.0,0.0,0.0,0.0,0.0
60.0,0.0,0.0,0.0,0.0,0.0,2.0,0.0,3.0,0.0,0.0,2.0,4.0,1.0,9.0,8.0,4.0,1.0,4.0,2.0,7.0,11.0,20.0,24.0,10.0,58.0,17.0,6.0,0.0,0.0,0.0,0.0,0.0,0.0,0.0,0.0,0.0,0.0,0.0,0.0,0.0,0.0,0.0,0.0,0.0,0.0,0.0,0.0,0.0,0.0
56.0,0.0,0.0,0.0,0.0,0.0,0.0,0.0,0.0,4.0,2.0,4.0,5.0,7.0,3.0,2.0,4.0,4.0,0.0,0.0,0.0,8.0,18.0,8.0,55.0,66.0,29.0,11.0,0.0,0.0,0.0,0.0,0.0,0.0,0.0,0.0,0.0,0.0,0.0,0.0,0.0,0.0,0.0,0.0,0.0,0.0,0.0,0.0,0.0,0.0
13.0,0.0,0.0,0.0,0.0,0.0,0.0,0.0,0.0,7.0,1.0,1.0,0.0,5.0,9.0,3.0,0.0,5.0,1.0,5.0,18.0,3.0,15.0,18.0,6.0,65.0,9.0,6.0,0.0,0.0,0.0,0.0,0.0,0.0,14.0,13.0,4.0,0.0,0.0,6.0,8.0,0.0,0.0,0.0,0.0,0.0,0.0,0.0,0.0,0.0
10.0,0.0,0.0,0.0,0.0,0.0,0.0,0.0,0.0,15.0,1.0,10.0,0.0,21.0,9.0,15.0,1.0,2.0,1.0,30.0,27.0,11.0,10.0,16.0,6.0,124.0,18.0,1.0,0.0,0.0,0.0,0.0,0.0,8.0,0.0,0.0,0.0,0.0,0.0,0.0,0.0,0.0,0.0,0.0,0.0,0.0,0.0,0.0,0.0,0.0
6.0,0.0,0.0,0.0,0.0,0.0,1.0,0.0,0.0,35.0,2.0,55.0,0.0,1.0,18.0,19.0,19.0,43.0,1.0,12.0,5.0,13.0,13.0,23.0,42.0,108.0,42.0,28.0,0.0,0.0,0.0,0.0,0.0,2.0,0.0,0.0,0.0,0.0,0.0,3.0,0.0,0.0,0.0,0.0,0.0,0.0,0.0,0.0,0.0,0.0
67.0,6.0,8.0,73.0,13.0,5.0,4.0,8.0,0.0,133.0,24.0,44.0,0.0,18.0,17.0,24.0,75.0,495.0,11.0,6.0,10.0,11.0,38.0,59.0,60.0,81.0,91.0,28.0,0.0,0.0,0.0,0.0,0.0,0.0,0.0,0.0,0.0,0.0,0.0,1.0,0.0,0.0,0.0,0.0,0.0,0.0,0.0,0.0,0.0,0.0
109.0,110.0,86.0,70.0,97.0,81.0,5.0,52.0,0.0,8.0,16.0,21.0,0.0,0.0,10.0,15.0,331.0,554.0,384.0,25.0,38.0,33.0,56.0,84.0,80.0,161.0,132.0,20.0,0.0,0.0,0.0,0.0,0.0,0.0,0.0,0.0,0.0,0.0,0.0,0.0,0.0,0.0,0.0,0.0,0.0,0.0,0.0,0.0,0.0,0.0
80.0,66.0,66.0,67.0,25.0,47.0,0.0,23.0,0.0,12.0,16.0,9.0,0.0,24.0,13.0,24.0,205.0,534.0,73.0,0.0,75.0,49.0,61.0,45.0,88.0,152.0,94.0,0.0,0.0,0.0,0.0,0.0,0.0,0.0,0.0,0.0,0.0,0.0,0.0,0.0,0.0,0.0,0.0,0.0,0.0,0.0,0.0,0.0,0.0,0.0
82.0,38.0,75.0,14.0,0.0,52.0,0.0,25.0,0.0,8.0,16.0,29.0,0.0,2.0,6.0,2.0,113.0,277.0,30.0,0.0,33.0,39.0,51.0,44.0,96.0,165.0,107.0,0.0,0.0,0.0,0.0,0.0,0.0,0.0,0.0,0.0,0.0,0.0,0.0,0.0,0.0,0.0,0.0,0.0,0.0,0.0,0.0,0.0,0.0,0.0
301.0,536.0,678.0,478.0,64.0,410.0,1.0,221.0,0.0,1.0,17.0,23.0,0.0,32.0,34.0,30.0,292.0,646.0,4.0,1.0,27.0,49.0,82.0,33.0,91.0,225.0,132.0,1.0,0.0,0.0,0.0,0.0,0.0,0.0,0.0,0.0,0.0,0.0,0.0,0.0,0.0,0.0,0.0,0.0,0.0,0.0,0.0,0.0,0.0,0.0
256.0,725.0,882.0,807.0,48.0,251.0,0.0,241.0,0.0,0.0,34.0,39.0,0.0,30.0,34.0,34.0,176.0,455.0,2.0,3.0,38.0,50.0,61.0,63.0,70.0,174.0,111.0,0.0,0.0,0.0,0.0,0.0,0.0,0.0,0.0,0.0,0.0,0.0,0.0,0.0,0.0,0.0,0.0,0.0,0.0,0.0,0.0,0.0,0.0,0.0
121.0,24.0,33.0,9.0,0.0,4.0,0.0,0.0,0.0,0.0,4.0,0.0,0.0,2.0,3.0,1.0,74.0,274.0,4.0,1.0,15.0,43.0,67.0,93.0,87.0,206.0,92.0,1.0,0.0,0.0,0.0,0.0,0.0,1.0,0.0,0.0,0.0,0.0,0.0,0.0,0.0,0.0,0.0,0.0,0.0,0.0,0.0,0.0,0.0,0.0
197.0,279.0,34.0,252.0,3.0,32.0,2.0,59.0,0.0,4.0,138.0,51.0,0.0,2.0,1.0,8.0,116.0,343.0,8.0,0.0,12.0,69.0,81.0,98.0,130.0,246.0,131.0,5.0,0.0,0.0,0.0,0.0,0.0,0.0,1.0,0.0,0.0,1.0,0.0,0.0,0.0,0.0,0.0,0.0,0.0,0.0,0.0,0.0,0.0,0.0
147.0,1314.0,541.0,1257.0,11.0,161.0,22.0,414.0,1.0,12.0,267.0,7.0,1.0,19.0,30.0,31.0,73.0,61.0,0.0,0.0,10.0,68.0,46.0,71.0,110.0,159.0,95.0,1.0,0.0,0.0,0.0,0.0,0.0,6.0,0.0,0.0,0.0,0.0,2.0,0.0,0.0,0.0,0.0,0.0,0.0,0.0,0.0,0.0,0.0,0.0
80.0,75.0,92.0,0.0,0.0,62.0,172.0,141.0,0.0,3.0,101.0,0.0,0.0,10.0,2.0,13.0,37.0,3.0,0.0,1.0,6.0,17.0,36.0,30.0,47.0,61.0,40.0,0.0,0.0,0.0,0.0,0.0,0.0,1.0,0.0,0.0,0.0,0.0,0.0,0.0,0.0,3261.0,2334.0,2258.0,1712.0,1392.0,1397.0,1341.0,3287.0,2495.0
45.0,742.0,4.0,0.0,1040.0,613.0,235.0,0.0,0.0,0.0,675.0,1.0,0.0,14.0,21.0,26.0,187.0,9.0,0.0,1.0,1.0,69.0,89.0,84.0,105.0,151.0,142.0,0.0,0.0,0.0,0.0,0.0,0.0,0.0,0.0,0.0,0.0,0.0,0.0,0.0,0.0,5882.0,4018.0,3923.0,2949.0,2478.0,2442.0,2491.0,5876.0,4380.0
60.0,68.0,202.0,1.0,912.0,565.0,77.0,0.0,0.0,2.0,36.0,2.0,0.0,8.0,18.0,23.0,118.0,68.0,0.0,0.0,2.0,15.0,42.0,50.0,96.0,128.0,103.0,9.0,0.0,0.0,0.0,0.0,0.0,1.0,0.0,0.0,0.0,0.0,0.0,0.0,0.0,5.0,10.0,6.0,4.0,3.0,6.0,3.0,9.0,7.0
584.0,53.0,728.0,0.0,888.0,581.0,174.0,0.0,1.0,0.0,59.0,0.0,0.0,0.0,1.0,2.0,48.0,101.0,2.0,3.0,1.0,25.0,19.0,29.0,58.0,90.0,57.0,19.0,0.0,0.0,0.0,0.0,0.0,0.0,0.0,0.0,0.0,0.0,0.0,0.0,0.0,28.0,18.0,17.0,34.0,10.0,10.0,15.0,25.0,10.0
11.0,29.0,477.0,0.0,38.0,387.0,184.0,9.0,1.0,1.0,35.0,1.0,0.0,4.0,6.0,9.0,29.0,34.0,2.0,1.0,0.0,15.0,20.0,21.0,34.0,77.0,55.0,9.0,0.0,0.0,0.0,0.0,0.0,1.0,0.0,0.0,0.0,0.0,0.0,0.0,0.0,44.0,4.0,33.0,32.0,8.0,2.0,14.0,25.0,28.0
2.0,31.0,126.0,0.0,4.0,136.0,31.0,0.0,2.0,0.0,19.0,5.0,0.0,0.0,0.0,1.0,26.0,0.0,1.0,0.0,1.0,17.0,15.0,11.0,17.0,37.0,30.0,13.0,0.0,0.0,0.0,0.0,0.0,0.0,0.0,0.0,0.0,0.0,0.0,0.0,0.0,41.0,0.0,23.0,0.0,13.0,0.0,11.0,29.0,42.0
11.0,27.0,68.0,0.0,0.0,102.0,51.0,0.0,1.0,0.0,21.0,0.0,1.0,2.0,1.0,3.0,19.0,12.0,2.0,2.0,0.0,10.0,13.0,10.0,12.0,38.0,30.0,7.0,0.0,0.0,0.0,0.0,0.0,0.0,0.0,0.0,0.0,0.0,0.0,0.0,0.0,6.0,0.0,3.0,39.0,1.0,21.0,6.0,2.0,3.0
8.0,92.0,10.0,0.0,0.0,71.0,61.0,0.0,0.0,1.0,92.0,0.0,2.0,0.0,0.0,1.0,31.0,9.0,0.0,0.0,1.0,9.0,24.0,22.0,64.0,65.0,54.0,12.0,0.0,0.0,0.0,0.0,0.0,0.0,0.0,0.0,0.0,0.0,0.0,0.0,0.0,0.0,0.0,0.0,0.0,0.0,0.0,0.0,0.0,0.0
1.0,64.0,0.0,0.0,0.0,56.0,17.0,0.0,0.0,0.0,74.0,0.0,0.0,2.0,1.0,0.0,22.0,2.0,0.0,0.0,0.0,1.0,18.0,26.0,34.0,94.0,45.0,8.0,0.0,0.0,0.0,0.0,0.0,0.0,0.0,0.0,0.0,0.0,0.0,0.0,0.0,0.0,0.0,0.0,0.0,0.0,0.0,0.0,0.0,0.0
0.0,60.0,0.0,0.0,0.0,55.0,35.0,0.0,0.0,0.0,27.0,0.0,0.0,0.0,0.0,2.0,25.0,4.0,0.0,0.0,0.0,0.0,48.0,55.0,54.0,154.0,98.0,15.0,0.0,0.0,0.0,0.0,0.0,0.0,0.0,0.0,0.0,0.0,0.0,0.0,0.0,0.0,0.0,0.0,0.0,4.0,0.0,0.0,5.0,0.0
0.0,188.0,0.0,0.0,3.0,177.0,74.0,0.0,0.0,1.0,7.0,0.0,0.0,3.0,6.0,9.0,39.0,6.0,0.0,0.0,1.0,10.0,66.0,35.0,95.0,169.0,108.0,10.0,0.0,0.0,0.0,0.0,0.0,0.0,0.0,0.0,0.0,0.0,0.0,0.0,0.0,0.0,0.0,0.0,0.0,0.0,0.0,0.0,0.0,0.0
0.0,174.0,2.0,0.0,9.0,337.0,6.0,0.0,0.0,0.0,12.0,3.0,0.0,14.0,8.0,6.0,24.0,3.0,4.0,0.0,5.0,10.0,35.0,21.0,52.0,82.0,63.0,10.0,0.0,0.0,0.0,0.0,0.0,0.0,0.0,0.0,0.0,0.0,0.0,0.0,0.0,0.0,0.0,0.0,0.0,0.0,0.0,0.0,0.0,0.0
0.0,6.0,12.0,0.0,117.0,78.0,0.0,0.0,0.0,1.0,6.0,0.0,3.0,5.0,5.0,1.0,14.0,4.0,1.0,6.0,1.0,0.0,28.0,20.0,39.0,54.0,33.0,9.0,0.0,0.0,0.0,0.0,0.0,0.0,0.0,0.0,0.0,0.0,0.0,0.0,0.0,0.0,0.0,0.0,0.0,0.0,0.0,0.0,0.0,0.0
0.0,27.0,382.0,0.0,1780.0,25.0,1.0,0.0,0.0,1.0,1.0,3.0,0.0,0.0,4.0,2.0,6.0,0.0,1.0,0.0,0.0,0.0,1.0,0.0,5.0,9.0,3.0,3.0,0.0,0.0,0.0,0.0,0.0,0.0,0.0,0.0,0.0,0.0,0.0,0.0,0.0,0.0,0.0,0.0,0.0,0.0,0.0,0.0,0.0,0.0
