,SKU_1,SKU_2,#-Containing Orders,#-Completing Orders
0,9713295,3895961,1,0.0
1,9713295,3895962,1,0.0
2,9713295,3895964,1,0.0
3,9713295,3985586,1,0.0
4,9713295,3985591,1,0.0
5,9713295,3985593,2,0.0
6,9713295,3991246,1,0.0
7,9713295,4212842,1,0.0
8,9713295,4212843,1,0.0
9,9713295,4212845,1,0.0
10,9713295,4213598,1,0.0
11,9713295,4213600,1,0.0
12,9713295,4213602,2,0.0
13,9713295,4267454,3,0.0
14,9713295,4303071,1,0.0
15,9713295,4317987,1,0.0
16,9713295,4935261,1,0.0
17,9713295,5855804,1,0.0
18,9713295,6408956,1,0.0
19,9713295,7888078,1,0.0
20,9713295,8088482,2,0.0
21,9713295,8088600,2,0.0
22,9713295,8089063,2,0.0
23,9713295,8187414,4,0.0
24,9713295,8430116,1,0.0
25,9713295,8674170,1,0.0
26,9713295,8697401,3,0.0
27,9713295,8697404,1,0.0
28,9713295,8740239,1,0.0
29,9713295,8996239,2,0.0
30,9713295,8996240,3,0.0
31,9713295,8996248,2,0.0
32,9713295,9009644,1,0.0
33,9713295,9009661,1,0.0
34,9713295,9009696,1,0.0
35,9713295,9764846,2,0.0
36,9713295,9764933,2,0.0
37,9713295,9764965,2,0.0
38,9713295,9809346,1,0.0
39,9713295,9908181,1,0.0
40,9713295,10010601,1,0.0
41,9713295,10010610,3,0.0
42,9713295,10024593,1,0.0
43,9713295,10203300,1,0.0
44,9713295,10256279,1,0.0
45,9713295,10283518,1,0.0
46,9713295,10283519,1,0.0
47,9713295,10283539,1,0.0
48,9713295,10283544,1,0.0
49,9713295,10292740,1,0.0
50,9713295,10340008,6,0.0
51,9713295,10340028,2,0.0
52,9713295,10340029,4,4.0
53,9713295,10340067,1,0.0
54,9713295,10340068,1,0.0
55,9713295,10340134,6,0.0
56,9713295,10340137,1,0.0
57,9713295,10340139,6,0.0
58,9713295,10343197,1,0.0
59,9713295,10343208,1,0.0
60,9713295,10343210,1,0.0
61,9713295,10343211,1,0.0
62,9713295,10343212,1,0.0
63,9713295,10439988,1,0.0
64,9713295,10559145,1,0.0
65,9713295,10722628,1,0.0
66,9713295,10722634,1,0.0
67,9713295,10732423,1,0.0
68,9713295,10755462,1,0.0
69,9713295,10834224,2,0.0
70,9713295,10834225,1,0.0
71,9713295,10834842,2,0.0
72,9713295,10952172,12,0.0
73,9713295,10952498,3,0.0
74,9713295,10952499,1,0.0
75,9713295,10952892,1,0.0
76,9713295,10952894,1,0.0
77,9713295,10953181,1,0.0
78,9713295,10953406,3,0.0
79,9713295,10953409,1,0.0
80,9713295,10976776,1,0.0
81,9713295,10992007,1,0.0
82,9713295,10992008,1,0.0
83,9713295,11028719,1,0.0
84,9713295,11047548,2,0.0
85,9713295,11047549,1,0.0
86,9713295,11047551,1,0.0
87,9713295,11047562,1,0.0
88,9713295,11054050,1,0.0
89,9713295,11054053,1,0.0
90,9713295,11054111,1,0.0
91,9713295,11054112,2,0.0
92,9713295,11054113,2,0.0
93,9713295,11054114,1,0.0
94,9713295,11061841,1,0.0
95,9713295,11064962,1,0.0
96,9713295,11093023,1,0.0
97,9713295,11099509,1,0.0
98,9713295,11100382,1,0.0
99,9713295,11108634,1,0.0
100,9713295,11109812,1,0.0
101,9713295,11110498,1,0.0
102,9713295,11110499,1,0.0
103,9713295,11111051,3,0.0
104,9713295,11111052,1,0.0
105,9713295,11116368,1,0.0
106,9713295,11116642,3,0.0
107,9713295,11116961,2,0.0
108,9713295,11116963,1,0.0
109,9713295,11116964,1,0.0
110,9713295,11127225,1,0.0
111,9713295,11127227,1,0.0
112,9713295,11127361,1,0.0
113,9713295,11127673,1,0.0
114,9713295,11127674,2,0.0
115,9713295,11128668,1,0.0
116,9713295,11128674,1,0.0
117,9713295,11128676,1,0.0
118,9713295,11128972,3,0.0
119,9713295,11128973,2,0.0
120,9713295,11128974,1,0.0
121,9713295,11128979,2,0.0
122,9713295,11128980,1,0.0
123,9713295,11129021,1,0.0
124,9713295,11129242,1,0.0
125,9713295,11129251,1,0.0
126,9713295,11129866,2,0.0
127,9713295,11129867,1,0.0
128,9713295,11129871,3,0.0
129,9713295,11129872,2,0.0
130,9713295,11129873,2,0.0
131,9713295,11129975,1,0.0
132,9713295,11129976,2,0.0
133,9713295,11129977,2,0.0
134,9713295,11130572,3,0.0
135,9713295,11130573,2,0.0
136,9713295,11130574,1,0.0
137,9713295,11146603,1,0.0
138,9713295,11180358,1,0.0
139,9713295,11180417,1,0.0
140,9713295,11180433,1,0.0
141,9713295,11180476,1,0.0
142,9713295,11181624,1,0.0
143,9713295,11205433,1,0.0
144,9713295,11206377,2,0.0
145,9713295,11236308,1,0.0
146,9713295,11236357,1,0.0
147,9713295,11236363,1,0.0
148,9713295,11236365,1,0.0
149,9713295,11238289,1,0.0
150,9713295,11311025,1,0.0
151,9713295,11311029,1,0.0
152,9713295,11316165,1,0.0
153,9713295,11316221,1,0.0
154,9713295,11362276,1,0.0
155,9713295,11362478,1,0.0
156,9713295,11362583,2,0.0
157,9713295,11385248,1,0.0
158,9713295,11442920,1,0.0
159,9713295,11460424,1,0.0
160,9713295,11519294,1,0.0
161,9713295,11519295,1,0.0
162,9713295,11520743,1,0.0
163,9713295,11529668,1,0.0
164,9713295,11554736,1,0.0
165,9713295,11558134,1,0.0
166,9713295,11558325,1,0.0
167,9713295,11558334,1,0.0
168,9713295,11561373,1,0.0
169,9713295,11561374,1,0.0
170,9713295,11564344,1,0.0
171,9713295,11567489,1,0.0
172,9713295,11567490,1,0.0
173,9713295,11570063,1,0.0
174,9713295,11574571,1,0.0
175,9891853,3991242,1,0.0
176,9891853,3991244,1,0.0
177,9891853,4213600,1,0.0
178,9891853,4213602,2,0.0
179,9891853,4317985,1,0.0
180,9891853,4317986,1,0.0
181,9891853,4317987,1,0.0
182,9891853,4317988,1,0.0
183,9891853,8699790,1,0.0
184,9891853,9791758,1,0.0
185,9891853,9791760,1,0.0
186,9891853,9791776,1,0.0
187,9891853,9791777,1,0.0
188,9891853,9791778,2,0.0
189,9891853,9791860,8,0.0
190,9891853,9791861,8,0.0
191,9891853,9791862,8,0.0
192,9891853,9791863,1,0.0
193,9891853,9791864,3,0.0
194,9891853,9791872,1,0.0
195,9891853,9791873,1,0.0
196,9891853,9791874,5,0.0
197,9891853,9791875,26,0.0
198,9891853,9791876,30,0.0
199,9891853,9791877,7,0.0
200,9891853,9791878,13,0.0
201,9891853,9791879,35,0.0
202,9891853,9791880,24,0.0
203,9891853,9791881,1,0.0
204,9891853,9791890,1,0.0
205,9891853,9791893,1,0.0
206,9891853,9791895,1,0.0
207,9891853,9791896,3,0.0
208,9891853,9791897,5,0.0
209,9891853,9791898,14,0.0
210,9891853,9791899,12,0.0
211,9891853,9791900,7,0.0
212,9891853,9791901,5,0.0
213,9891853,9791903,1,0.0
214,9891853,9791920,3,0.0
215,9891853,9791921,1,0.0
216,9891853,9891854,1880,888.0
217,9891853,9891855,1501,647.0
218,9891853,9891856,1102,328.0
219,9891853,9891857,808,274.0
220,9891853,9891858,269,0.0
221,9891853,9891859,444,0.0
222,9891853,9891860,1,0.0
223,9891853,9891897,13,0.0
224,9891853,9891898,2,0.0
225,9891853,9891901,2,0.0
226,9891853,9891902,4,0.0
227,9891853,9891903,1,0.0
228,9891853,9891905,1,0.0
229,9891853,9891906,3,0.0
230,9891853,9891907,3,0.0
231,9891853,9891908,4,0.0
232,9891853,10187985,1,0.0
233,9891853,10191829,29,0.0
234,9891853,10191830,13,0.0
235,9891853,10191831,8,0.0
236,9891853,10191832,18,0.0
237,9891853,10191833,11,0.0
238,9891853,10191834,5,0.0
239,9891853,10191835,3,0.0
240,9891853,10251892,1,0.0
241,9891853,10251893,1,0.0
242,9891853,10251905,3,0.0
243,9891853,10266478,1,0.0
244,9891853,10266482,1,0.0
245,9891853,10266484,1,0.0
246,9891853,10266486,1,0.0
247,9891853,10266487,1,0.0
248,9891853,10267354,2,0.0
249,9891853,10267358,1,0.0
250,9891853,10267359,4,0.0
251,9891853,10267360,5,0.0
252,9891853,10267361,1,0.0
253,9891853,10267362,2,0.0
254,9891853,10267363,2,0.0
255,9891853,10267369,2,0.0
256,9891853,10267370,1,0.0
257,9891853,10267379,1,0.0
258,9891853,10267380,3,0.0
259,9891853,10267393,1,0.0
260,9891853,10267394,6,0.0
261,9891853,10268234,2,0.0
262,9891853,10268249,4,0.0
263,9891853,10268250,1,0.0
264,9891853,10268251,8,0.0
265,9891853,10268252,1,0.0
266,9891853,10268253,2,0.0
267,9891853,10268254,3,0.0
268,9891853,10268255,2,0.0
269,9891853,10268256,2,0.0
270,9891853,10268257,2,0.0
271,9891853,10268258,5,0.0
272,9891853,10268259,3,0.0
273,9891853,10268260,5,0.0
274,9891853,10280505,2,0.0
275,9891853,10280506,1,0.0
276,9891853,10280511,1,0.0
277,9891853,10280515,2,0.0
278,9891853,10280516,10,0.0
279,9891853,10327688,1,0.0
280,9891853,10327690,1,0.0
281,9891853,10327691,1,0.0
282,9891853,10327692,2,0.0
283,9891853,10327707,1,0.0
284,9891853,10432502,1,0.0
285,9891853,10432505,1,0.0
286,9891853,10432506,2,0.0
287,9891853,10432507,7,0.0
288,9891853,10432508,10,0.0
289,9891853,10432509,10,0.0
290,9891853,10432510,5,0.0
291,9891853,10432511,7,0.0
292,9891853,10432512,10,0.0
293,9891853,10432513,8,0.0
294,9891853,10432514,6,0.0
295,9891853,10433695,52,0.0
296,9891853,10433696,98,0.0
297,9891853,10433697,41,0.0
298,9891853,10433698,118,0.0
299,9891853,10433699,78,0.0
300,9891853,10433700,54,0.0
301,9891853,10433701,33,0.0
302,9891853,10490893,1,0.0
303,9891853,10587132,2,0.0
304,9891853,10587133,1,0.0
305,9891853,10587134,2,0.0
306,9891853,10587135,4,0.0
307,9891853,10661486,1,0.0
308,9891853,10661488,1,0.0
309,9891853,10661490,4,0.0
310,9891853,10661491,2,0.0
311,9891853,10663666,1,0.0
312,9891853,10663670,1,0.0
313,9891853,10663671,1,0.0
314,9891853,10663672,1,0.0
315,9891853,10663685,2,0.0
316,9891853,10707460,1,0.0
317,9891853,10707463,1,0.0
318,9891853,10707464,1,0.0
319,9891853,10715499,1,0.0
320,9891853,10920864,1,0.0
321,9891853,10920865,1,0.0
322,9891853,10992179,1,0.0
323,9891853,10998044,1,0.0
324,9891853,10998045,3,0.0
325,9891853,10998729,1,0.0
326,9891853,10999550,1,0.0
327,9891853,10999555,1,0.0
328,9891853,11079159,90,0.0
329,9891853,11079160,87,0.0
330,9891853,11079161,56,0.0
331,9891853,11079162,111,0.0
332,9891853,11079163,101,0.0
333,9891853,11079164,44,0.0
334,9891853,11079165,35,0.0
335,9891853,11231934,1,0.0
336,9891853,11299656,1,0.0
337,9891853,11301280,1,0.0
338,9891853,11301286,1,0.0
339,9891853,11301291,1,0.0
340,9891853,11301394,1,0.0
341,9891853,11375448,2,0.0
342,9891853,11375450,1,0.0
343,9891853,11375454,1,0.0
344,9891853,11375456,10,0.0
345,9891853,11377510,1,0.0
346,9891853,11382041,1,0.0
347,9891853,11387028,1,0.0
348,9891853,11389198,1,0.0
349,9891853,11389200,1,0.0
350,9891853,11390161,1,0.0
351,9891853,11400418,1,0.0
352,9891853,11404964,14,0.0
353,9891853,11404965,23,0.0
354,9891853,11404966,11,0.0
355,9891853,11404967,27,0.0
356,9891853,11404968,17,0.0
357,9891853,11404969,9,0.0
358,9891853,11404970,2,0.0
359,9891853,11420351,1,0.0
360,9891853,11421356,1,0.0
361,9891853,11421359,1,0.0
362,9891853,11421362,1,0.0
363,9891853,11421365,3,0.0
364,9891853,11421368,1,0.0
365,9891853,11489549,1,0.0
366,9891853,11491407,7,0.0
367,9891853,11491408,8,0.0
368,9891853,11491409,3,0.0
369,9891853,11491410,5,0.0
370,9891853,11491411,3,0.0
371,9891853,11491412,9,0.0
372,9891853,11491413,9,0.0
373,9891853,11491414,5,0.0
374,9891853,11491415,4,0.0
375,9891853,11491416,8,0.0
376,9891853,11491417,24,0.0
377,9891853,11491418,1,0.0
378,9891853,11491432,2,0.0
379,9891853,11491434,2,0.0
380,9891853,11491436,1,0.0
381,9891853,11491440,1,0.0
382,9891853,11491441,4,0.0
383,9891853,11491466,3,0.0
384,9891853,11491470,1,0.0
385,9891853,11491478,1,0.0
386,9891853,11492426,1,0.0
387,9891853,11531702,1,0.0
388,9891853,11563324,1,0.0
389,9891854,3942523,1,0.0
390,9891854,4212842,2,0.0
391,9891854,4213601,1,0.0
392,9891854,4935256,1,0.0
393,9891854,4935259,1,0.0
394,9891854,5854861,1,0.0
395,9891854,5855777,1,0.0
396,9891854,5855785,1,0.0
397,9891854,6408948,1,0.0
398,9891854,6408956,1,0.0
399,9891854,7030760,1,0.0
400,9891854,7082691,1,0.0
401,9891854,7082694,1,0.0
402,9891854,7082696,1,0.0
403,9891854,8499603,1,0.0
404,9891854,9791758,1,0.0
405,9891854,9791760,1,0.0
406,9891854,9791767,1,0.0
407,9891854,9791775,1,0.0
408,9891854,9791777,2,0.0
409,9891854,9791778,2,0.0
410,9891854,9791860,13,0.0
411,9891854,9791861,8,0.0
412,9891854,9791862,10,0.0
413,9891854,9791863,1,0.0
414,9891854,9791864,3,0.0
415,9891854,9791865,2,0.0
416,9891854,9791866,1,0.0
417,9891854,9791871,1,0.0
418,9891854,9791872,2,0.0
419,9891854,9791874,10,0.0
420,9891854,9791875,26,0.0
421,9891854,9791876,28,0.0
422,9891854,9791877,8,0.0
423,9891854,9791878,19,0.0
424,9891854,9791879,56,0.0
425,9891854,9791880,49,0.0
426,9891854,9791882,4,0.0
427,9891854,9791883,2,0.0
428,9891854,9791884,1,0.0
429,9891854,9791892,1,0.0
430,9891854,9791893,1,0.0
431,9891854,9791895,2,0.0
432,9891854,9791896,5,0.0
433,9891854,9791897,4,0.0
434,9891854,9791898,16,0.0
435,9891854,9791899,17,0.0
436,9891854,9791900,12,0.0
437,9891854,9791901,9,0.0
438,9891854,9791907,1,0.0
439,9891854,9791917,1,0.0
440,9891854,9791919,1,0.0
441,9891854,9791920,2,0.0
442,9891854,9791922,1,0.0
443,9891854,9891853,1880,888.0
444,9891854,9891855,1712,663.0
445,9891854,9891856,1554,586.0
446,9891854,9891857,1111,423.0
447,9891854,9891858,481,0.0
448,9891854,9891859,465,0.0
449,9891854,9891897,11,0.0
450,9891854,9891898,2,0.0
451,9891854,9891900,1,0.0
452,9891854,9891901,2,0.0
453,9891854,9891902,2,0.0
454,9891854,9891903,2,0.0
455,9891854,9891904,1,0.0
456,9891854,9891905,4,0.0
457,9891854,9891906,6,0.0
458,9891854,9891907,5,0.0
459,9891854,9891908,8,0.0
460,9891854,10187927,1,0.0
461,9891854,10187945,1,0.0
462,9891854,10187969,1,0.0
463,9891854,10187985,1,0.0
464,9891854,10187987,1,0.0
465,9891854,10191829,26,0.0
466,9891854,10191830,39,0.0
467,9891854,10191831,17,0.0
468,9891854,10191832,19,0.0
469,9891854,10191833,5,0.0
470,9891854,10191834,7,0.0
471,9891854,10191835,5,0.0
472,9891854,10240121,1,0.0
473,9891854,10251892,1,0.0
474,9891854,10251905,1,0.0
475,9891854,10267354,1,0.0
476,9891854,10267357,1,0.0
477,9891854,10267358,1,0.0
478,9891854,10267360,6,0.0
479,9891854,10267361,3,0.0
480,9891854,10267362,1,0.0
481,9891854,10267363,2,0.0
482,9891854,10267364,1,0.0
483,9891854,10267368,1,0.0
484,9891854,10267369,3,0.0
485,9891854,10267370,1,0.0
486,9891854,10267371,2,0.0
487,9891854,10267377,2,0.0
488,9891854,10267378,2,0.0
489,9891854,10267379,1,0.0
490,9891854,10267380,3,0.0
491,9891854,10267383,1,0.0
492,9891854,10267394,1,0.0
493,9891854,10268233,1,0.0
494,9891854,10268234,1,0.0
495,9891854,10268249,1,0.0
496,9891854,10268251,5,0.0
497,9891854,10268253,2,0.0
498,9891854,10268254,2,0.0
499,9891854,10268255,3,0.0
500,9891854,10268256,2,0.0
501,9891854,10268257,6,0.0
502,9891854,10268258,5,0.0
503,9891854,10268259,10,0.0
504,9891854,10268260,2,0.0
505,9891854,10280505,1,0.0
506,9891854,10280511,1,0.0
507,9891854,10280513,1,0.0
508,9891854,10280514,2,0.0
509,9891854,10280515,1,0.0
510,9891854,10280516,12,0.0
511,9891854,10327689,3,0.0
512,9891854,10327691,2,0.0
513,9891854,10327692,2,0.0
514,9891854,10327694,1,0.0
515,9891854,10327695,1,0.0
516,9891854,10327696,1,0.0
517,9891854,10327706,1,0.0
518,9891854,10432502,2,0.0
519,9891854,10432505,2,0.0
520,9891854,10432506,4,0.0
521,9891854,10432507,7,0.0
522,9891854,10432508,6,0.0
523,9891854,10432509,8,0.0
524,9891854,10432510,11,0.0
525,9891854,10432511,5,0.0
526,9891854,10432512,5,0.0
527,9891854,10432513,8,0.0
528,9891854,10432514,11,0.0
529,9891854,10433695,42,0.0
530,9891854,10433696,124,0.0
531,9891854,10433697,59,0.0
532,9891854,10433698,137,0.0
533,9891854,10433699,82,0.0
534,9891854,10433700,78,0.0
535,9891854,10433701,59,0.0
536,9891854,10433780,1,0.0
537,9891854,10587132,1,0.0
538,9891854,10587133,1,0.0
539,9891854,10587134,3,0.0
540,9891854,10587135,3,0.0
541,9891854,10645957,1,0.0
542,9891854,10645960,1,0.0
543,9891854,10661490,1,0.0
544,9891854,10661491,1,0.0
545,9891854,10663671,1,0.0
546,9891854,10663673,2,0.0
547,9891854,10663684,1,0.0
548,9891854,10663685,1,0.0
549,9891854,10663688,1,0.0
550,9891854,10707459,1,0.0
551,9891854,10707462,1,0.0
552,9891854,10707463,1,0.0
553,9891854,10715499,2,0.0
554,9891854,10715500,1,0.0
555,9891854,10920866,1,0.0
556,9891854,10920870,1,0.0
557,9891854,10992179,1,0.0
558,9891854,10998045,2,0.0
559,9891854,10998742,1,0.0
560,9891854,10998747,1,0.0
561,9891854,11079159,68,0.0
562,9891854,11079160,108,0.0
563,9891854,11079161,81,0.0
564,9891854,11079162,130,0.0
565,9891854,11079163,108,0.0
566,9891854,11079164,61,0.0
567,9891854,11079165,40,0.0
568,9891854,11079166,3,0.0
569,9891854,11085810,1,0.0
570,9891854,11231933,1,0.0
571,9891854,11231934,1,0.0
572,9891854,11264179,1,0.0
573,9891854,11299652,1,0.0
574,9891854,11375448,1,0.0
575,9891854,11375454,2,0.0
576,9891854,11375456,4,0.0
577,9891854,11380962,1,0.0
578,9891854,11382041,1,0.0
579,9891854,11386154,1,0.0
580,9891854,11389199,1,0.0
581,9891854,11397214,1,0.0
582,9891854,11397595,1,0.0
583,9891854,11404779,1,0.0
584,9891854,11404964,9,0.0
585,9891854,11404965,28,0.0
586,9891854,11404966,18,0.0
587,9891854,11404967,29,0.0
588,9891854,11404968,26,0.0
589,9891854,11404969,7,0.0
590,9891854,11404970,4,0.0
591,9891854,11420656,1,0.0
592,9891854,11421291,1,0.0
593,9891854,11421356,2,0.0
594,9891854,11421357,1,0.0
595,9891854,11489551,1,0.0
596,9891854,11491407,9,0.0
597,9891854,11491408,4,0.0
598,9891854,11491409,7,0.0
599,9891854,11491410,5,0.0
600,9891854,11491411,4,0.0
601,9891854,11491412,6,0.0
602,9891854,11491413,7,0.0
603,9891854,11491414,8,0.0
604,9891854,11491415,8,0.0
605,9891854,11491416,6,0.0
606,9891854,11491417,20,0.0
607,9891854,11491418,2,0.0
608,9891854,11491431,2,0.0
609,9891854,11491432,1,0.0
610,9891854,11491435,1,0.0
611,9891854,11491438,1,0.0
612,9891854,11491441,6,0.0
613,9891854,11491466,4,0.0
614,9891854,11491564,1,0.0
615,9891854,11500157,1,0.0
616,9891854,11500158,1,0.0
617,9891854,11521925,1,0.0
618,9891854,11563305,1,0.0
619,9891855,3991236,1,0.0
620,9891855,3991243,1,0.0
621,9891855,3991244,1,0.0
622,9891855,4212842,1,0.0
623,9891855,4212844,1,0.0
624,9891855,4213599,1,0.0
625,9891855,4213602,1,0.0
626,9891855,4317987,1,0.0
627,9891855,4317988,1,0.0
628,9891855,4935256,1,0.0
629,9891855,4935259,1,0.0
630,9891855,4935262,1,0.0
631,9891855,4935848,1,0.0
632,9891855,5854862,1,0.0
633,9891855,7030853,1,0.0
634,9891855,8699774,1,0.0
635,9891855,9791758,1,0.0
636,9891855,9791759,1,0.0
637,9891855,9791760,1,0.0
638,9891855,9791762,1,0.0
639,9891855,9791775,1,0.0
640,9891855,9791777,1,0.0
641,9891855,9791778,1,0.0
642,9891855,9791860,16,0.0
643,9891855,9791861,7,0.0
644,9891855,9791862,6,0.0
645,9891855,9791863,2,0.0
646,9891855,9791864,2,0.0
647,9891855,9791865,1,0.0
648,9891855,9791872,1,0.0
649,9891855,9791873,1,0.0
650,9891855,9791874,6,0.0
651,9891855,9791875,26,0.0
652,9891855,9791876,34,0.0
653,9891855,9791877,10,0.0
654,9891855,9791878,11,0.0
655,9891855,9791879,53,0.0
656,9891855,9791880,28,0.0
657,9891855,9791891,2,0.0
658,9891855,9791892,2,0.0
659,9891855,9791893,1,0.0
660,9891855,9791894,1,0.0
661,9891855,9791895,3,0.0
662,9891855,9791896,4,0.0
663,9891855,9791897,5,0.0
664,9891855,9791898,11,0.0
665,9891855,9791899,14,0.0
666,9891855,9791900,8,0.0
667,9891855,9791901,5,0.0
668,9891855,9791902,1,0.0
669,9891855,9791918,1,0.0
670,9891855,9791919,4,0.0
671,9891855,9791920,4,0.0
672,9891855,9791921,1,0.0
673,9891855,9891853,1501,647.0
674,9891855,9891854,1712,663.0
675,9891855,9891856,1324,533.0
676,9891855,9891857,816,262.0
677,9891855,9891858,355,0.0
678,9891855,9891859,488,0.0
679,9891855,9891897,6,0.0
680,9891855,9891898,2,0.0
681,9891855,9891901,3,0.0
682,9891855,9891902,2,0.0
683,9891855,9891903,5,0.0
684,9891855,9891904,2,0.0
685,9891855,9891905,3,0.0
686,9891855,9891906,3,0.0
687,9891855,9891907,4,0.0
688,9891855,9891908,2,0.0
689,9891855,10073557,1,0.0
690,9891855,10187928,1,0.0
691,9891855,10187945,1,0.0
692,9891855,10187984,1,0.0
693,9891855,10187986,1,0.0
694,9891855,10191829,8,0.0
695,9891855,10191830,16,0.0
696,9891855,10191831,22,0.0
697,9891855,10191832,13,0.0
698,9891855,10191833,13,0.0
699,9891855,10191834,3,0.0
700,9891855,10191835,5,0.0
701,9891855,10240121,1,0.0
702,9891855,10240668,1,0.0
703,9891855,10251898,1,0.0
704,9891855,10266475,1,0.0
705,9891855,10266482,1,0.0
706,9891855,10266484,1,0.0
707,9891855,10267359,2,0.0
708,9891855,10267360,3,0.0
709,9891855,10267361,4,0.0
710,9891855,10267362,4,0.0
711,9891855,10267363,1,0.0
712,9891855,10267364,1,0.0
713,9891855,10267368,1,0.0
714,9891855,10267371,1,0.0
715,9891855,10267376,1,0.0
716,9891855,10267377,1,0.0
717,9891855,10267378,1,0.0
718,9891855,10267379,1,0.0
719,9891855,10267380,1,0.0
720,9891855,10267389,1,0.0
721,9891855,10267392,1,0.0
722,9891855,10267393,1,0.0
723,9891855,10267394,3,0.0
724,9891855,10268249,2,0.0
725,9891855,10268250,2,0.0
726,9891855,10268251,2,0.0
727,9891855,10268253,1,0.0
728,9891855,10268254,2,0.0
729,9891855,10268255,3,0.0
730,9891855,10268256,1,0.0
731,9891855,10268257,4,0.0
732,9891855,10268258,9,0.0
733,9891855,10268259,2,0.0
734,9891855,10268260,2,0.0
735,9891855,10280505,2,0.0
736,9891855,10280515,2,0.0
737,9891855,10280516,7,0.0
738,9891855,10327689,1,0.0
739,9891855,10327691,1,0.0
740,9891855,10327692,2,0.0
741,9891855,10327693,2,0.0
742,9891855,10327694,1,0.0
743,9891855,10327707,1,0.0
744,9891855,10327710,1,0.0
745,9891855,10432502,1,0.0
746,9891855,10432504,1,0.0
747,9891855,10432505,2,0.0
748,9891855,10432506,4,0.0
749,9891855,10432507,9,0.0
750,9891855,10432508,7,0.0
751,9891855,10432509,4,0.0
752,9891855,10432510,5,0.0
753,9891855,10432511,4,0.0
754,9891855,10432512,7,0.0
755,9891855,10432513,7,0.0
756,9891855,10432514,11,0.0
757,9891855,10433695,33,0.0
758,9891855,10433696,93,0.0
759,9891855,10433697,69,0.0
760,9891855,10433698,123,0.0
761,9891855,10433699,75,0.0
762,9891855,10433700,62,0.0
763,9891855,10433701,53,0.0
764,9891855,10433702,1,0.0
765,9891855,10490893,1,0.0
766,9891855,10587132,1,0.0
767,9891855,10587133,1,0.0
768,9891855,10587134,2,0.0
769,9891855,10587135,4,0.0
770,9891855,10645832,1,0.0
771,9891855,10661485,1,0.0
772,9891855,10661486,1,0.0
773,9891855,10661488,1,0.0
774,9891855,10661490,1,0.0
775,9891855,10663670,1,0.0
776,9891855,10663671,1,0.0
777,9891855,10663674,2,0.0
778,9891855,10663685,1,0.0
779,9891855,10663686,1,0.0
780,9891855,10663688,2,0.0
781,9891855,10707463,1,0.0
782,9891855,10715499,1,0.0
783,9891855,10986621,1,0.0
784,9891855,10998045,1,0.0
785,9891855,10998047,1,0.0
786,9891855,10998741,1,0.0
787,9891855,10999553,1,0.0
788,9891855,11079159,48,0.0
789,9891855,11079160,80,0.0
790,9891855,11079161,99,0.0
791,9891855,11079162,122,0.0
792,9891855,11079163,103,0.0
793,9891855,11079164,59,0.0
794,9891855,11079165,39,0.0
795,9891855,11079166,5,0.0
796,9891855,11085813,1,0.0
797,9891855,11231933,1,0.0
798,9891855,11231934,1,0.0
799,9891855,11231935,1,0.0
800,9891855,11264179,1,0.0
801,9891855,11301286,1,0.0
802,9891855,11375454,2,0.0
803,9891855,11375456,2,0.0
804,9891855,11382041,1,0.0
805,9891855,11387028,1,0.0
806,9891855,11399309,1,0.0
807,9891855,11400418,1,0.0
808,9891855,11404964,10,0.0
809,9891855,11404965,22,0.0
810,9891855,11404966,20,0.0
811,9891855,11404967,24,0.0
812,9891855,11404968,18,0.0
813,9891855,11404969,8,0.0
814,9891855,11404970,3,0.0
815,9891855,11420651,1,0.0
816,9891855,11421279,1,0.0
817,9891855,11421285,1,0.0
818,9891855,11421288,1,0.0
819,9891855,11421290,2,0.0
820,9891855,11421291,3,0.0
821,9891855,11421292,1,0.0
822,9891855,11421293,1,0.0
823,9891855,11421294,2,0.0
824,9891855,11421343,1,0.0
825,9891855,11421356,10,0.0
826,9891855,11421357,2,0.0
827,9891855,11421360,2,0.0
828,9891855,11421361,1,0.0
829,9891855,11421362,1,0.0
830,9891855,11421363,2,0.0
831,9891855,11421364,10,0.0
832,9891855,11421365,1,0.0
833,9891855,11421366,5,0.0
834,9891855,11421367,2,0.0
835,9891855,11421368,5,0.0
836,9891855,11491407,10,0.0
837,9891855,11491408,10,0.0
838,9891855,11491409,2,0.0
839,9891855,11491410,7,0.0
840,9891855,11491411,2,0.0
841,9891855,11491412,4,0.0
842,9891855,11491413,7,0.0
843,9891855,11491414,11,0.0
844,9891855,11491415,5,0.0
845,9891855,11491416,9,0.0
846,9891855,11491417,16,0.0
847,9891855,11491431,1,0.0
848,9891855,11491432,2,0.0
849,9891855,11491436,2,0.0
850,9891855,11491438,1,0.0
851,9891855,11491439,2,0.0
852,9891855,11491440,1,0.0
853,9891855,11491441,3,0.0
854,9891855,11491446,2,0.0
855,9891855,11491466,8,0.0
856,9891855,11491564,1,0.0
857,9891855,11492426,1,0.0
858,9891855,11492430,1,0.0
859,9891855,11495583,1,0.0
860,9891855,11495587,1,0.0
861,9891855,11498130,1,0.0
862,9891855,11498132,1,0.0
863,9891855,11500157,1,0.0
864,9891855,11500158,1,0.0
865,9891855,11531699,1,0.0
866,9891855,11531700,1,0.0
867,9891855,11531701,1,0.0
868,9891855,11531703,1,0.0
869,9891855,11532741,1,0.0
870,9891856,3991244,2,0.0
871,9891856,4212842,1,0.0
872,9891856,4213601,1,0.0
873,9891856,4213602,1,0.0
874,9891856,4317987,1,0.0
875,9891856,4317988,1,0.0
876,9891856,4935256,1,0.0
877,9891856,8699785,1,0.0
878,9891856,9791758,1,0.0
879,9891856,9791759,1,0.0
880,9891856,9791760,1,0.0
881,9891856,9791777,1,0.0
882,9891856,9791778,1,0.0
883,9891856,9791860,12,0.0
884,9891856,9791861,8,0.0
885,9891856,9791862,6,0.0
886,9891856,9791863,3,0.0
887,9891856,9791864,3,0.0
888,9891856,9791865,1,0.0
889,9891856,9791872,2,0.0
890,9891856,9791873,2,0.0
891,9891856,9791874,8,0.0
892,9891856,9791875,25,0.0
893,9891856,9791876,27,0.0
894,9891856,9791877,14,0.0
895,9891856,9791878,8,0.0
896,9891856,9791879,51,0.0
897,9891856,9791880,39,0.0
898,9891856,9791882,3,0.0
899,9891856,9791885,1,0.0
900,9891856,9791893,3,0.0
901,9891856,9791896,2,0.0
902,9891856,9791897,4,0.0
903,9891856,9791898,15,0.0
904,9891856,9791899,15,0.0
905,9891856,9791900,11,0.0
906,9891856,9791901,5,0.0
907,9891856,9791916,1,0.0
908,9891856,9791917,2,0.0
909,9891856,9791919,2,0.0
910,9891856,9791920,2,0.0
911,9891856,9791921,1,0.0
912,9891856,9891853,1102,328.0
913,9891856,9891854,1554,586.0
914,9891856,9891855,1324,533.0
915,9891856,9891857,1481,746.0
916,9891856,9891858,429,0.0
917,9891856,9891859,365,0.0
918,9891856,9891860,1,0.0
919,9891856,9891897,6,0.0
920,9891856,9891901,2,0.0
921,9891856,9891902,6,0.0
922,9891856,9891903,2,0.0
923,9891856,9891904,3,0.0
924,9891856,9891906,2,0.0
925,9891856,9891907,5,0.0
926,9891856,9891908,2,0.0
927,9891856,9936256,1,0.0
928,9891856,10073569,1,0.0
929,9891856,10187945,1,0.0
930,9891856,10187986,1,0.0
931,9891856,10191829,14,0.0
932,9891856,10191830,19,0.0
933,9891856,10191831,7,0.0
934,9891856,10191832,26,0.0
935,9891856,10191833,11,0.0
936,9891856,10191834,4,0.0
937,9891856,10191835,5,0.0
938,9891856,10251897,1,0.0
939,9891856,10266487,1,0.0
940,9891856,10267357,1,0.0
941,9891856,10267360,3,0.0
942,9891856,10267361,1,0.0
943,9891856,10267362,3,0.0
944,9891856,10267363,1,0.0
945,9891856,10267368,1,0.0
946,9891856,10267369,2,0.0
947,9891856,10267370,3,0.0
948,9891856,10267371,1,0.0
949,9891856,10267375,1,0.0
950,9891856,10267376,2,0.0
951,9891856,10267377,2,0.0
952,9891856,10267378,1,0.0
953,9891856,10267379,2,0.0
954,9891856,10267380,2,0.0
955,9891856,10267393,1,0.0
956,9891856,10267394,1,0.0
957,9891856,10268233,2,0.0
958,9891856,10268234,1,0.0
959,9891856,10268237,1,0.0
960,9891856,10268249,2,0.0
961,9891856,10268250,1,0.0
962,9891856,10268251,6,0.0
963,9891856,10268252,1,0.0
964,9891856,10268253,1,0.0
965,9891856,10268254,1,0.0
966,9891856,10268255,3,0.0
967,9891856,10268256,2,0.0
968,9891856,10268257,8,0.0
969,9891856,10268258,7,0.0
970,9891856,10268259,7,0.0
971,9891856,10268260,2,0.0
972,9891856,10280505,1,0.0
973,9891856,10280506,2,0.0
974,9891856,10280515,2,0.0
975,9891856,10280516,8,0.0
976,9891856,10327690,1,0.0
977,9891856,10327691,1,0.0
978,9891856,10327692,2,0.0
979,9891856,10327693,2,0.0
980,9891856,10327706,1,0.0
981,9891856,10327712,1,0.0
982,9891856,10432502,2,0.0
983,9891856,10432505,1,0.0
984,9891856,10432506,2,0.0
985,9891856,10432507,3,0.0
986,9891856,10432508,4,0.0
987,9891856,10432509,6,0.0
988,9891856,10432510,6,0.0
989,9891856,10432511,2,0.0
990,9891856,10432512,8,0.0
991,9891856,10432513,8,0.0
992,9891856,10432514,8,0.0
993,9891856,10433695,38,0.0
994,9891856,10433696,90,0.0
995,9891856,10433697,49,0.0
996,9891856,10433698,152,0.0
997,9891856,10433699,90,0.0
998,9891856,10433700,70,0.0
999,9891856,10433701,46,0.0
1000,9891856,10490893,2,0.0
1001,9891856,10587132,1,0.0
1002,9891856,10587133,2,0.0
1003,9891856,10587134,2,0.0
1004,9891856,10587135,2,0.0
1005,9891856,10645958,1,0.0
1006,9891856,10645959,1,0.0
1007,9891856,10661490,2,0.0
1008,9891856,10663671,1,0.0
1009,9891856,10663677,2,0.0
1010,9891856,10663684,1,0.0
1011,9891856,10663685,3,0.0
1012,9891856,10663688,1,0.0
1013,9891856,10675500,1,0.0
1014,9891856,10675502,1,0.0
1015,9891856,10715499,1,0.0
1016,9891856,10920862,1,0.0
1017,9891856,10920864,2,0.0
1018,9891856,10920868,1,0.0
1019,9891856,10920870,2,0.0
1020,9891856,10998046,1,0.0
1021,9891856,10998047,1,0.0
1022,9891856,10998048,1,0.0
1023,9891856,10998049,1,0.0
1024,9891856,10999544,1,0.0
1025,9891856,11079159,46,0.0
1026,9891856,11079160,80,0.0
1027,9891856,11079161,69,0.0
1028,9891856,11079162,147,0.0
1029,9891856,11079163,129,0.0
1030,9891856,11079164,78,0.0
1031,9891856,11079165,45,0.0
1032,9891856,11079166,2,0.0
1033,9891856,11079262,1,0.0
1034,9891856,11085810,1,0.0
1035,9891856,11085813,2,0.0
1036,9891856,11264179,1,0.0
1037,9891856,11264190,1,0.0
1038,9891856,11301291,1,0.0
1039,9891856,11375278,1,0.0
1040,9891856,11375456,2,0.0
1041,9891856,11380080,1,0.0
1042,9891856,11380086,1,0.0
1043,9891856,11383842,1,0.0
1044,9891856,11396683,1,0.0
1045,9891856,11398129,1,0.0
1046,9891856,11399828,1,0.0
1047,9891856,11404964,7,0.0
1048,9891856,11404965,17,0.0
1049,9891856,11404966,14,0.0
1050,9891856,11404967,32,0.0
1051,9891856,11404968,20,0.0
1052,9891856,11404969,10,0.0
1053,9891856,11404970,3,0.0
1054,9891856,11405027,1,0.0
1055,9891856,11421279,1,0.0
1056,9891856,11421283,1,0.0
1057,9891856,11421285,1,0.0
1058,9891856,11421291,1,0.0
1059,9891856,11421292,1,0.0
1060,9891856,11421293,1,0.0
1061,9891856,11421356,2,0.0
1062,9891856,11421363,1,0.0
1063,9891856,11421364,2,0.0
1064,9891856,11421366,1,0.0
1065,9891856,11421367,2,0.0
1066,9891856,11421368,1,0.0
1067,9891856,11489984,1,0.0
1068,9891856,11491407,6,0.0
1069,9891856,11491408,6,0.0
1070,9891856,11491409,1,0.0
1071,9891856,11491410,1,0.0
1072,9891856,11491411,3,0.0
1073,9891856,11491412,5,0.0
1074,9891856,11491413,3,0.0
1075,9891856,11491414,5,0.0
1076,9891856,11491415,5,0.0
1077,9891856,11491416,13,0.0
1078,9891856,11491417,18,0.0
1079,9891856,11491418,2,0.0
1080,9891856,11491431,1,0.0
1081,9891856,11491432,1,0.0
1082,9891856,11491434,1,0.0
1083,9891856,11491436,1,0.0
1084,9891856,11491438,1,0.0
1085,9891856,11491439,2,0.0
1086,9891856,11491441,4,0.0
1087,9891856,11491466,3,0.0
1088,9891856,11491482,1,0.0
1089,9891856,11500157,1,0.0
1090,9891856,11500158,1,0.0
1091,9891856,11522680,1,0.0
1092,9891856,11531697,1,0.0
1093,9891856,11531699,1,0.0
1094,9891856,11531700,2,0.0
1095,9891856,11531703,2,0.0
1096,9891856,11531726,1,0.0
1097,9891856,11531728,1,0.0
1098,9891856,11563305,1,0.0
1099,9891857,4212827,1,0.0
1100,9891857,4212842,1,0.0
1101,9891857,4212843,1,0.0
1102,9891857,4213602,1,0.0
1103,9891857,4317987,1,0.0
1104,9891857,4317988,2,0.0
1105,9891857,4933291,1,0.0
1106,9891857,4935257,2,0.0
1107,9891857,4935260,1,0.0
1108,9891857,4935861,1,0.0
1109,9891857,6408956,1,0.0
1110,9891857,7082691,1,0.0
1111,9891857,7082694,1,0.0
1112,9891857,7082696,1,0.0
1113,9891857,8393076,1,0.0
1114,9891857,8393083,1,0.0
1115,9891857,9791758,2,0.0
1116,9891857,9791760,1,0.0
1117,9891857,9791777,1,0.0
1118,9891857,9791778,1,0.0
1119,9891857,9791860,14,0.0
1120,9891857,9791861,6,0.0
1121,9891857,9791862,6,0.0
1122,9891857,9791863,3,0.0
1123,9891857,9791872,2,0.0
1124,9891857,9791873,1,0.0
1125,9891857,9791874,5,0.0
1126,9891857,9791875,19,0.0
1127,9891857,9791876,18,0.0
1128,9891857,9791877,12,0.0
1129,9891857,9791878,11,0.0
1130,9891857,9791879,37,0.0
1131,9891857,9791880,29,0.0
1132,9891857,9791881,3,0.0
1133,9891857,9791882,1,0.0
1134,9891857,9791883,1,0.0
1135,9891857,9791885,1,0.0
1136,9891857,9791893,4,0.0
1137,9891857,9791894,3,0.0
1138,9891857,9791896,2,0.0
1139,9891857,9791897,6,0.0
1140,9891857,9791898,10,0.0
1141,9891857,9791899,6,0.0
1142,9891857,9791900,3,0.0
1143,9891857,9791901,2,0.0
1144,9891857,9791918,1,0.0
1145,9891857,9791920,3,0.0
1146,9891857,9791922,1,0.0
1147,9891857,9891853,808,274.0
1148,9891857,9891854,1111,423.0
1149,9891857,9891855,816,262.0
1150,9891857,9891856,1481,746.0
1151,9891857,9891858,576,0.0
1152,9891857,9891859,390,0.0
1153,9891857,9891860,4,0.0
1154,9891857,9891897,6,0.0
1155,9891857,9891899,2,0.0
1156,9891857,9891901,1,0.0
1157,9891857,9891902,3,0.0
1158,9891857,9891903,2,0.0
1159,9891857,9891904,5,0.0
1160,9891857,9891905,3,0.0
1161,9891857,9891906,2,0.0
1162,9891857,9891907,3,0.0
1163,9891857,9891908,3,0.0
1164,9891857,10104711,1,0.0
1165,9891857,10187932,1,0.0
1166,9891857,10187945,1,0.0
1167,9891857,10187986,1,0.0
1168,9891857,10187988,1,0.0
1169,9891857,10191829,11,0.0
1170,9891857,10191830,16,0.0
1171,9891857,10191831,8,0.0
1172,9891857,10191832,16,0.0
1173,9891857,10191833,25,0.0
1174,9891857,10191834,5,0.0
1175,9891857,10191835,6,0.0
1176,9891857,10240667,1,0.0
1177,9891857,10251892,1,0.0
1178,9891857,10251905,1,0.0
1179,9891857,10266479,1,0.0
1180,9891857,10266480,1,0.0
1181,9891857,10266483,1,0.0
1182,9891857,10267354,1,0.0
1183,9891857,10267360,2,0.0
1184,9891857,10267361,1,0.0
1185,9891857,10267362,1,0.0
1186,9891857,10267363,1,0.0
1187,9891857,10267364,1,0.0
1188,9891857,10267370,1,0.0
1189,9891857,10267371,2,0.0
1190,9891857,10267375,1,0.0
1191,9891857,10267376,1,0.0
1192,9891857,10267377,1,0.0
1193,9891857,10267378,1,0.0
1194,9891857,10267380,2,0.0
1195,9891857,10267384,1,0.0
1196,9891857,10267394,2,0.0
1197,9891857,10268233,2,0.0
1198,9891857,10268234,2,0.0
1199,9891857,10268236,1,0.0
1200,9891857,10268237,1,0.0
1201,9891857,10268239,1,0.0
1202,9891857,10268249,2,0.0
1203,9891857,10268251,7,0.0
1204,9891857,10268252,1,0.0
1205,9891857,10268253,3,0.0
1206,9891857,10268254,3,0.0
1207,9891857,10268255,1,0.0
1208,9891857,10268256,3,0.0
1209,9891857,10268257,3,0.0
1210,9891857,10268258,7,0.0
1211,9891857,10268259,3,0.0
1212,9891857,10268260,1,0.0
1213,9891857,10280505,1,0.0
1214,9891857,10280512,1,0.0
1215,9891857,10280516,2,0.0
1216,9891857,10327688,1,0.0
1217,9891857,10327691,3,0.0
1218,9891857,10327692,5,0.0
1219,9891857,10327693,2,0.0
1220,9891857,10327694,1,0.0
1221,9891857,10327707,1,0.0
1222,9891857,10432502,2,0.0
1223,9891857,10432504,1,0.0
1224,9891857,10432505,1,0.0
1225,9891857,10432506,2,0.0
1226,9891857,10432507,2,0.0
1227,9891857,10432508,5,0.0
1228,9891857,10432509,4,0.0
1229,9891857,10432510,3,0.0
1230,9891857,10432511,3,0.0
1231,9891857,10432512,9,0.0
1232,9891857,10432513,8,0.0
1233,9891857,10432514,7,0.0
1234,9891857,10433695,28,0.0
1235,9891857,10433696,70,0.0
1236,9891857,10433697,41,0.0
1237,9891857,10433698,96,0.0
1238,9891857,10433699,82,0.0
1239,9891857,10433700,66,0.0
1240,9891857,10433701,47,0.0
1241,9891857,10490893,1,0.0
1242,9891857,10587132,1,0.0
1243,9891857,10587134,1,0.0
1244,9891857,10587135,3,0.0
1245,9891857,10661487,1,0.0
1246,9891857,10661490,2,0.0
1247,9891857,10661491,1,0.0
1248,9891857,10663670,1,0.0
1249,9891857,10663672,1,0.0
1250,9891857,10663673,2,0.0
1251,9891857,10663674,1,0.0
1252,9891857,10663675,1,0.0
1253,9891857,10707461,1,0.0
1254,9891857,10920865,1,0.0
1255,9891857,10920870,1,0.0
1256,9891857,10998044,1,0.0
1257,9891857,10998048,2,0.0
1258,9891857,10998049,1,0.0
1259,9891857,10998744,1,0.0
1260,9891857,11001020,1,0.0
1261,9891857,11079159,34,0.0
1262,9891857,11079160,60,0.0
1263,9891857,11079161,71,0.0
1264,9891857,11079162,92,0.0
1265,9891857,11079163,126,0.0
1266,9891857,11079164,68,0.0
1267,9891857,11079165,45,0.0
1268,9891857,11264179,1,0.0
1269,9891857,11301398,1,0.0
1270,9891857,11375279,1,0.0
1271,9891857,11375454,2,0.0
1272,9891857,11375455,2,0.0
1273,9891857,11375456,2,0.0
1274,9891857,11380078,1,0.0
1275,9891857,11383547,1,0.0
1276,9891857,11404964,9,0.0
1277,9891857,11404965,18,0.0
1278,9891857,11404966,10,0.0
1279,9891857,11404967,17,0.0
1280,9891857,11404968,15,0.0
1281,9891857,11404969,5,0.0
1282,9891857,11404970,3,0.0
1283,9891857,11421285,1,0.0
1284,9891857,11421359,1,0.0
1285,9891857,11421360,1,0.0
1286,9891857,11421363,1,0.0
1287,9891857,11421364,1,0.0
1288,9891857,11421365,1,0.0
1289,9891857,11421366,1,0.0
1290,9891857,11421368,1,0.0
1291,9891857,11487894,1,0.0
1292,9891857,11487895,1,0.0
1293,9891857,11491407,11,0.0
1294,9891857,11491408,7,0.0
1295,9891857,11491409,3,0.0
1296,9891857,11491410,1,0.0
1297,9891857,11491411,1,0.0
1298,9891857,11491412,5,0.0
1299,9891857,11491413,8,0.0
1300,9891857,11491414,3,0.0
1301,9891857,11491415,3,0.0
1302,9891857,11491416,2,0.0
1303,9891857,11491417,13,0.0
1304,9891857,11491418,1,0.0
1305,9891857,11491431,2,0.0
1306,9891857,11491432,2,0.0
1307,9891857,11491435,1,0.0
1308,9891857,11491436,1,0.0
1309,9891857,11491441,2,0.0
1310,9891857,11491452,1,0.0
1311,9891857,11491466,3,0.0
1312,9891857,11491471,1,0.0
1313,9891857,11492422,1,0.0
1314,9891857,11531699,1,0.0
1315,9891857,11531700,1,0.0
1316,9891857,11531702,1,0.0
1317,9891857,11531703,1,0.0
1318,9908176,3991237,1,0.0
1319,9908176,3991240,1,0.0
1320,9908176,4212826,1,0.0
1321,9908176,4317986,1,0.0
1322,9908176,5855777,1,0.0
1323,9908176,6408952,1,0.0
1324,9908176,6408957,1,0.0
1325,9908176,9009652,1,0.0
1326,9908176,9764985,1,0.0
1327,9908176,9765047,1,0.0
1328,9908176,9809277,8,0.0
1329,9908176,9809278,5,0.0
1330,9908176,9809279,2,0.0
1331,9908176,9809280,1,0.0
1332,9908176,9809281,1,0.0
1333,9908176,9809288,1,0.0
1334,9908176,9809289,2,0.0
1335,9908176,9809290,1,0.0
1336,9908176,9809291,3,0.0
1337,9908176,9809292,9,0.0
1338,9908176,9809293,10,0.0
1339,9908176,9809294,9,0.0
1340,9908176,9809296,15,0.0
1341,9908176,9809297,17,0.0
1342,9908176,9809307,1,0.0
1343,9908176,9809309,2,0.0
1344,9908176,9809310,1,0.0
1345,9908176,9809313,1,0.0
1346,9908176,9809314,2,0.0
1347,9908176,9809315,4,0.0
1348,9908176,9809318,1,0.0
1349,9908176,9809353,1,0.0
1350,9908176,9809357,1,0.0
1351,9908176,9809359,1,0.0
1352,9908176,9908175,934,0.0
1353,9908176,9908177,981,556.0
1354,9908176,9908178,1027,602.0
1355,9908176,9908179,683,0.0
1356,9908176,9908180,271,0.0
1357,9908176,9908181,256,0.0
1358,9908176,9908182,2,0.0
1359,9908176,9908219,1,0.0
1360,9908176,9908222,1,0.0
1361,9908176,9908227,2,0.0
1362,9908176,9908228,4,0.0
1363,9908176,9908229,1,0.0
1364,9908176,9981172,1,0.0
1365,9908176,9981174,1,0.0
1366,9908176,10024580,1,0.0
1367,9908176,10024593,2,0.0
1368,9908176,10203311,1,0.0
1369,9908176,10203313,1,0.0
1370,9908176,10207150,15,0.0
1371,9908176,10207151,20,0.0
1372,9908176,10207152,16,0.0
1373,9908176,10207153,12,0.0
1374,9908176,10207154,11,0.0
1375,9908176,10207155,2,0.0
1376,9908176,10207156,4,0.0
1377,9908176,10267128,1,0.0
1378,9908176,10267129,1,0.0
1379,9908176,10267133,1,0.0
1380,9908176,10267135,1,0.0
1381,9908176,10281768,1,0.0
1382,9908176,10282644,4,0.0
1383,9908176,10282646,1,0.0
1384,9908176,10282648,2,0.0
1385,9908176,10282664,1,0.0
1386,9908176,10282669,1,0.0
1387,9908176,10283518,1,0.0
1388,9908176,10283535,1,0.0
1389,9908176,10283538,1,0.0
1390,9908176,10283539,2,0.0
1391,9908176,10283540,2,0.0
1392,9908176,10283541,1,0.0
1393,9908176,10283542,6,0.0
1394,9908176,10283543,1,0.0
1395,9908176,10283544,1,0.0
1396,9908176,10292740,1,0.0
1397,9908176,10292741,2,0.0
1398,9908176,10295792,1,0.0
1399,9908176,10295795,1,0.0
1400,9908176,10295800,4,0.0
1401,9908176,10340029,1,1.0
1402,9908176,10340067,1,0.0
1403,9908176,10340134,1,0.0
1404,9908176,10343203,1,0.0
1405,9908176,10343205,2,0.0
1406,9908176,10343207,1,0.0
1407,9908176,10343208,1,0.0
1408,9908176,10439981,1,0.0
1409,9908176,10439984,3,0.0
1410,9908176,10439985,2,0.0
1411,9908176,10439986,4,0.0
1412,9908176,10439987,12,0.0
1413,9908176,10439988,4,0.0
1414,9908176,10439989,8,0.0
1415,9908176,10439990,3,0.0
1416,9908176,10439991,10,0.0
1417,9908176,10439992,10,0.0
1418,9908176,10441173,9,0.0
1419,9908176,10441174,22,0.0
1420,9908176,10441175,19,0.0
1421,9908176,10441176,32,0.0
1422,9908176,10441177,13,0.0
1423,9908176,10441178,20,0.0
1424,9908176,10441179,11,0.0
1425,9908176,10441180,1,0.0
1426,9908176,10470377,2,0.0
1427,9908176,10470378,1,0.0
1428,9908176,10556488,1,0.0
1429,9908176,10597082,1,0.0
1430,9908176,10597084,1,0.0
1431,9908176,10597085,1,0.0
1432,9908176,10660776,1,0.0
1433,9908176,10676476,1,0.0
1434,9908176,10676477,2,0.0
1435,9908176,10676479,1,0.0
1436,9908176,10676480,1,0.0
1437,9908176,10730720,1,0.0
1438,9908176,10735121,1,0.0
1439,9908176,10953180,1,0.0
1440,9908176,10953395,1,0.0
1441,9908176,10976786,1,0.0
1442,9908176,10977985,1,0.0
1443,9908176,10992005,1,0.0
1444,9908176,11047531,1,0.0
1445,9908176,11047546,2,0.0
1446,9908176,11047548,3,0.0
1447,9908176,11047549,5,0.0
1448,9908176,11047551,3,0.0
1449,9908176,11047589,1,0.0
1450,9908176,11047591,1,0.0
1451,9908176,11048365,1,0.0
1452,9908176,11054052,1,0.0
1453,9908176,11054053,1,0.0
1454,9908176,11054054,3,0.0
1455,9908176,11054112,2,0.0
1456,9908176,11057632,2,0.0
1457,9908176,11057638,1,0.0
1458,9908176,11057639,1,0.0
1459,9908176,11057992,25,0.0
1460,9908176,11057993,25,0.0
1461,9908176,11057994,26,0.0
1462,9908176,11057995,29,0.0
1463,9908176,11057996,24,0.0
1464,9908176,11057997,25,0.0
1465,9908176,11057998,4,0.0
1466,9908176,11058346,1,0.0
1467,9908176,11060134,1,0.0
1468,9908176,11066631,1,0.0
1469,9908176,11109239,1,0.0
1470,9908176,11110499,1,0.0
1471,9908176,11111051,3,0.0
1472,9908176,11111052,2,0.0
1473,9908176,11111054,1,0.0
1474,9908176,11111244,1,0.0
1475,9908176,11111245,1,0.0
1476,9908176,11111246,3,0.0
1477,9908176,11111248,1,0.0
1478,9908176,11111583,1,0.0
1479,9908176,11127363,1,0.0
1480,9908176,11127923,1,0.0
1481,9908176,11129569,1,0.0
1482,9908176,11129873,1,0.0
1483,9908176,11129892,1,0.0
1484,9908176,11129975,1,0.0
1485,9908176,11312762,1,0.0
1486,9908176,11312868,1,0.0
1487,9908176,11312869,1,0.0
1488,9908176,11312874,1,0.0
1489,9908176,11362470,1,0.0
1490,9908176,11385322,1,0.0
1491,9908176,11392720,1,0.0
1492,9908176,11418845,1,0.0
1493,9908176,11439439,1,0.0
1494,9908176,11439440,8,0.0
1495,9908176,11439441,3,0.0
1496,9908176,11439442,6,0.0
1497,9908176,11439443,3,0.0
1498,9908176,11439444,3,0.0
1499,9908176,11439445,1,0.0
1500,9908176,11456398,1,0.0
1501,9908176,11456437,2,0.0
1502,9908176,11456439,1,0.0
1503,9908176,11456440,2,0.0
1504,9908176,11456442,1,0.0
1505,9908176,11456443,1,0.0
1506,9908176,11456444,1,0.0
1507,9908176,11456446,1,0.0
1508,9908176,11456447,1,0.0
1509,9908176,11456448,1,0.0
1510,9908176,11460424,1,0.0
1511,9908176,11492894,1,0.0
1512,9908176,11516926,1,0.0
1513,9908176,11519295,1,0.0
1514,9908176,11519667,3,0.0
1515,9908176,11519668,5,0.0
1516,9908176,11519669,3,0.0
1517,9908176,11519670,2,0.0
1518,9908176,11519671,3,0.0
1519,9908176,11519672,2,0.0
1520,9908176,11519674,2,0.0
1521,9908176,11519675,5,0.0
1522,9908176,11519676,7,0.0
1523,9908176,11519677,1,0.0
1524,9908176,11519678,1,0.0
1525,9908176,11519689,1,0.0
1526,9908176,11519690,1,0.0
1527,9908176,11519702,1,0.0
1528,9908176,11520741,1,0.0
1529,9908176,11520754,1,0.0
1530,9908176,11520773,1,0.0
1531,9908176,11522756,1,0.0
1532,9908176,11534637,1,0.0
1533,9908176,11534638,1,0.0
1534,9908176,11536751,1,0.0
1535,9908176,11545866,1,0.0
1536,9908176,11565008,1,0.0
1537,9908176,11569308,1,0.0
1538,9908176,11569350,1,0.0
1539,9908176,11571922,1,0.0
1540,9908176,11571929,1,0.0
1541,9908177,3991240,1,0.0
1542,9908177,3991242,1,0.0
1543,9908177,4267454,1,0.0
1544,9908177,4935259,1,0.0
1545,9908177,5550179,1,0.0
1546,9908177,5855777,1,0.0
1547,9908177,6408950,1,0.0
1548,9908177,6408951,1,0.0
1549,9908177,6408952,1,0.0
1550,9908177,6408956,1,0.0
1551,9908177,7136314,1,0.0
1552,9908177,8674170,1,0.0
1553,9908177,8996239,1,0.0
1554,9908177,9604036,1,0.0
1555,9908177,9809277,3,0.0
1556,9908177,9809278,3,0.0
1557,9908177,9809279,1,0.0
1558,9908177,9809281,2,0.0
1559,9908177,9809287,1,0.0
1560,9908177,9809290,5,0.0
1561,9908177,9809291,7,0.0
1562,9908177,9809292,10,0.0
1563,9908177,9809293,11,0.0
1564,9908177,9809294,5,0.0
1565,9908177,9809295,2,0.0
1566,9908177,9809296,16,0.0
1567,9908177,9809297,11,0.0
1568,9908177,9809298,1,0.0
1569,9908177,9809309,1,0.0
1570,9908177,9809310,2,0.0
1571,9908177,9809311,1,0.0
1572,9908177,9809313,1,0.0
1573,9908177,9809314,4,0.0
1574,9908177,9809315,3,0.0
1575,9908177,9809316,2,0.0
1576,9908177,9809317,1,0.0
1577,9908177,9809318,1,0.0
1578,9908177,9809323,1,0.0
1579,9908177,9809329,2,0.0
1580,9908177,9809358,1,0.0
1581,9908177,9809359,1,0.0
1582,9908177,9908175,746,0.0
1583,9908177,9908176,981,556.0
1584,9908177,9908178,1085,660.0
1585,9908177,9908179,788,0.0
1586,9908177,9908180,386,0.0
1587,9908177,9908181,361,0.0
1588,9908177,9908219,2,0.0
1589,9908177,9908221,1,0.0
1590,9908177,9908222,1,0.0
1591,9908177,9908224,1,0.0
1592,9908177,9908225,1,0.0
1593,9908177,9908226,2,0.0
1594,9908177,9908227,3,0.0
1595,9908177,9908228,1,0.0
1596,9908177,9908229,2,0.0
1597,9908177,9908230,1,0.0
1598,9908177,9981172,2,0.0
1599,9908177,9981174,1,0.0
1600,9908177,10024580,4,0.0
1601,9908177,10024593,4,0.0
1602,9908177,10203270,1,0.0
1603,9908177,10203310,1,0.0
1604,9908177,10203312,1,0.0
1605,9908177,10207150,5,0.0
1606,9908177,10207151,25,0.0
1607,9908177,10207152,32,0.0
1608,9908177,10207153,18,0.0
1609,9908177,10207154,15,0.0
1610,9908177,10207155,3,0.0
1611,9908177,10207156,3,0.0
1612,9908177,10267129,1,0.0
1613,9908177,10267135,1,0.0
1614,9908177,10267137,1,0.0
1615,9908177,10282643,1,0.0
1616,9908177,10282644,1,0.0
1617,9908177,10282645,2,0.0
1618,9908177,10282646,3,0.0
1619,9908177,10282648,1,0.0
1620,9908177,10282659,1,0.0
1621,9908177,10282661,1,0.0
1622,9908177,10282662,2,0.0
1623,9908177,10283517,1,0.0
1624,9908177,10283518,1,0.0
1625,9908177,10283525,1,0.0
1626,9908177,10283535,2,0.0
1627,9908177,10283539,2,0.0
1628,9908177,10283540,3,0.0
1629,9908177,10283541,4,0.0
1630,9908177,10283542,4,0.0
1631,9908177,10283543,3,0.0
1632,9908177,10283544,3,0.0
1633,9908177,10292740,1,0.0
1634,9908177,10295792,2,0.0
1635,9908177,10295793,1,0.0
1636,9908177,10295795,1,0.0
1637,9908177,10295800,5,0.0
1638,9908177,10340002,1,0.0
1639,9908177,10340028,2,0.0
1640,9908177,10340029,2,2.0
1641,9908177,10340030,1,0.0
1642,9908177,10340067,5,0.0
1643,9908177,10340134,1,0.0
1644,9908177,10340137,1,0.0
1645,9908177,10343203,3,0.0
1646,9908177,10343204,1,0.0
1647,9908177,10343208,2,0.0
1648,9908177,10343257,1,0.0
1649,9908177,10343259,1,0.0
1650,9908177,10439983,1,0.0
1651,9908177,10439984,3,0.0
1652,9908177,10439985,2,0.0
1653,9908177,10439986,5,0.0
1654,9908177,10439987,5,0.0
1655,9908177,10439988,6,0.0
1656,9908177,10439989,12,0.0
1657,9908177,10439990,11,0.0
1658,9908177,10439991,11,0.0
1659,9908177,10439992,6,0.0
1660,9908177,10441173,6,0.0
1661,9908177,10441174,25,0.0
1662,9908177,10441175,23,0.0
1663,9908177,10441176,26,0.0
1664,9908177,10441177,17,0.0
1665,9908177,10441178,28,0.0
1666,9908177,10441179,13,0.0
1667,9908177,10441180,1,0.0
1668,9908177,10597082,1,0.0
1669,9908177,10597084,1,0.0
1670,9908177,10597085,3,0.0
1671,9908177,10671848,2,0.0
1672,9908177,10676476,1,0.0
1673,9908177,10676478,1,0.0
1674,9908177,10676481,1,0.0
1675,9908177,10722632,1,0.0
1676,9908177,10722637,1,0.0
1677,9908177,10722640,1,0.0
1678,9908177,10730720,1,0.0
1679,9908177,10953179,1,0.0
1680,9908177,10953394,1,0.0
1681,9908177,10953395,1,0.0
1682,9908177,10976786,1,0.0
1683,9908177,10977986,1,0.0
1684,9908177,10992006,1,0.0
1685,9908177,10992007,1,0.0
1686,9908177,11004186,1,0.0
1687,9908177,11047543,1,0.0
1688,9908177,11047544,1,0.0
1689,9908177,11047549,5,0.0
1690,9908177,11047551,4,0.0
1691,9908177,11047589,1,0.0
1692,9908177,11047590,1,0.0
1693,9908177,11047591,2,0.0
1694,9908177,11054051,1,0.0
1695,9908177,11054052,1,0.0
1696,9908177,11054053,1,0.0
1697,9908177,11054054,3,0.0
1698,9908177,11054112,5,0.0
1699,9908177,11054113,1,0.0
1700,9908177,11057631,2,0.0
1701,9908177,11057632,2,0.0
1702,9908177,11057634,2,0.0
1703,9908177,11057635,1,0.0
1704,9908177,11057638,1,0.0
1705,9908177,11057640,1,0.0
1706,9908177,11057992,18,0.0
1707,9908177,11057993,15,0.0
1708,9908177,11057994,24,0.0
1709,9908177,11057995,35,0.0
1710,9908177,11057996,24,0.0
1711,9908177,11057997,29,0.0
1712,9908177,11057998,9,0.0
1713,9908177,11058346,1,0.0
1714,9908177,11059179,1,0.0
1715,9908177,11059180,1,0.0
1716,9908177,11060134,1,0.0
1717,9908177,11066630,1,0.0
1718,9908177,11108135,1,0.0
1719,9908177,11111051,1,0.0
1720,9908177,11111245,1,0.0
1721,9908177,11116642,1,0.0
1722,9908177,11116941,1,0.0
1723,9908177,11116965,1,0.0
1724,9908177,11127362,1,0.0
1725,9908177,11127923,1,0.0
1726,9908177,11128668,1,0.0
1727,9908177,11128975,1,0.0
1728,9908177,11128982,1,0.0
1729,9908177,11129569,1,0.0
1730,9908177,11129867,1,0.0
1731,9908177,11129892,1,0.0
1732,9908177,11129975,1,0.0
1733,9908177,11129976,1,0.0
1734,9908177,11291986,1,0.0
1735,9908177,11291989,1,0.0
1736,9908177,11312764,1,0.0
1737,9908177,11312765,1,0.0
1738,9908177,11362583,1,0.0
1739,9908177,11363313,1,0.0
1740,9908177,11378189,1,0.0
1741,9908177,11378190,1,0.0
1742,9908177,11392051,1,0.0
1743,9908177,11392107,1,0.0
1744,9908177,11410505,1,0.0
1745,9908177,11418841,1,0.0
1746,9908177,11422014,1,0.0
1747,9908177,11434938,1,0.0
1748,9908177,11439439,2,0.0
1749,9908177,11439440,5,0.0
1750,9908177,11439441,6,0.0
1751,9908177,11439442,5,0.0
1752,9908177,11439443,5,0.0
1753,9908177,11439444,4,0.0
1754,9908177,11439445,2,0.0
1755,9908177,11440379,1,0.0
1756,9908177,11456437,1,0.0
1757,9908177,11456442,1,0.0
1758,9908177,11456445,1,0.0
1759,9908177,11460424,1,0.0
1760,9908177,11518925,1,0.0
1761,9908177,11519293,2,0.0
1762,9908177,11519295,1,0.0
1763,9908177,11519667,5,0.0
1764,9908177,11519668,5,0.0
1765,9908177,11519669,1,0.0
1766,9908177,11519670,2,0.0
1767,9908177,11519671,3,0.0
1768,9908177,11519672,2,0.0
1769,9908177,11519673,1,0.0
1770,9908177,11519674,2,0.0
1771,9908177,11519675,1,0.0
1772,9908177,11519676,3,0.0
1773,9908177,11519677,3,0.0
1774,9908177,11519678,3,0.0
1775,9908177,11519685,1,0.0
1776,9908177,11519702,1,0.0
1777,9908177,11521514,1,0.0
1778,9908177,11522741,1,0.0
1779,9908177,11522774,1,0.0
1780,9908177,11527667,1,0.0
1781,9908177,11534637,1,0.0
1782,9908177,11534640,1,0.0
1783,9908177,11558324,1,0.0
1784,9908177,11558740,1,0.0
1785,9908177,11558742,1,0.0
1786,9908177,11564658,1,0.0
1787,9908177,11565461,1,0.0
1788,9908177,11568221,1,0.0
1789,9908177,11571930,2,0.0
1790,9908178,3991240,1,0.0
1791,9908178,6408952,1,0.0
1792,9908178,8511393,1,0.0
1793,9908178,9764985,1,0.0
1794,9908178,9765047,1,0.0
1795,9908178,9809277,6,0.0
1796,9908178,9809278,4,0.0
1797,9908178,9809279,1,0.0
1798,9908178,9809280,1,0.0
1799,9908178,9809281,1,0.0
1800,9908178,9809288,1,0.0
1801,9908178,9809289,4,0.0
1802,9908178,9809290,1,0.0
1803,9908178,9809291,4,0.0
1804,9908178,9809292,15,0.0
1805,9908178,9809293,12,0.0
1806,9908178,9809294,8,0.0
1807,9908178,9809295,1,0.0
1808,9908178,9809296,13,0.0
1809,9908178,9809297,17,0.0
1810,9908178,9809309,2,0.0
1811,9908178,9809310,2,0.0
1812,9908178,9809313,1,0.0
1813,9908178,9809314,1,0.0
1814,9908178,9809315,5,0.0
1815,9908178,9809317,1,0.0
1816,9908178,9809318,1,0.0
1817,9908178,9809336,1,0.0
1818,9908178,9809357,1,0.0
1819,9908178,9908175,756,0.0
1820,9908178,9908176,1027,602.0
1821,9908178,9908177,1085,660.0
1822,9908178,9908179,909,0.0
1823,9908178,9908180,356,0.0
1824,9908178,9908181,311,0.0
1825,9908178,9908219,1,0.0
1826,9908178,9908222,2,0.0
1827,9908178,9908223,1,0.0
1828,9908178,9908224,1,0.0
1829,9908178,9908225,3,0.0
1830,9908178,9908226,1,0.0
1831,9908178,9908227,2,0.0
1832,9908178,9908228,1,0.0
1833,9908178,9908229,5,0.0
1834,9908178,10024580,1,0.0
1835,9908178,10024593,1,0.0
1836,9908178,10203270,1,0.0
1837,9908178,10203310,3,0.0
1838,9908178,10203311,2,0.0
1839,9908178,10203314,1,0.0
1840,9908178,10203315,1,0.0
1841,9908178,10207150,8,0.0
1842,9908178,10207151,21,0.0
1843,9908178,10207152,22,0.0
1844,9908178,10207153,28,0.0
1845,9908178,10207154,13,0.0
1846,9908178,10207155,4,0.0
1847,9908178,10207156,3,0.0
1848,9908178,10256284,1,0.0
1849,9908178,10267129,1,0.0
1850,9908178,10267133,1,0.0
1851,9908178,10281764,1,0.0
1852,9908178,10281766,1,0.0
1853,9908178,10282646,4,0.0
1854,9908178,10282647,1,0.0
1855,9908178,10282654,4,0.0
1856,9908178,10282661,2,0.0
1857,9908178,10282662,4,0.0
1858,9908178,10282664,1,0.0
1859,9908178,10283535,1,0.0
1860,9908178,10283539,3,0.0
1861,9908178,10283540,2,0.0
1862,9908178,10283541,4,0.0
1863,9908178,10283542,4,0.0
1864,9908178,10283543,1,0.0
1865,9908178,10283544,1,0.0
1866,9908178,10285601,1,0.0
1867,9908178,10292740,1,0.0
1868,9908178,10295792,1,0.0
1869,9908178,10295793,1,0.0
1870,9908178,10295800,4,0.0
1871,9908178,10340028,1,0.0
1872,9908178,10340029,2,2.0
1873,9908178,10340067,3,0.0
1874,9908178,10343203,1,0.0
1875,9908178,10343210,1,0.0
1876,9908178,10343250,1,0.0
1877,9908178,10343258,1,0.0
1878,9908178,10343264,1,0.0
1879,9908178,10439981,1,0.0
1880,9908178,10439984,1,0.0
1881,9908178,10439985,5,0.0
1882,9908178,10439986,2,0.0
1883,9908178,10439987,12,0.0
1884,9908178,10439988,7,0.0
1885,9908178,10439989,6,0.0
1886,9908178,10439990,5,0.0
1887,9908178,10439991,13,0.0
1888,9908178,10439992,9,0.0
1889,9908178,10441173,6,0.0
1890,9908178,10441174,19,0.0
1891,9908178,10441175,20,0.0
1892,9908178,10441176,28,0.0
1893,9908178,10441177,17,0.0
1894,9908178,10441178,27,0.0
1895,9908178,10441179,21,0.0
1896,9908178,10556488,1,0.0
1897,9908178,10556491,1,0.0
1898,9908178,10556492,1,0.0
1899,9908178,10597083,1,0.0
1900,9908178,10660880,1,0.0
1901,9908178,10676479,1,0.0
1902,9908178,10730719,1,0.0
1903,9908178,10730720,1,0.0
1904,9908178,10755466,1,0.0
1905,9908178,10953407,1,0.0
1906,9908178,10958585,1,0.0
1907,9908178,10976776,1,0.0
1908,9908178,10976786,1,0.0
1909,9908178,10976806,1,0.0
1910,9908178,10977985,1,0.0
1911,9908178,10977988,1,0.0
1912,9908178,10978701,1,0.0
1913,9908178,10992007,1,0.0
1914,9908178,10993773,1,0.0
1915,9908178,11004186,1,0.0
1916,9908178,11047528,1,0.0
1917,9908178,11047543,2,0.0
1918,9908178,11047546,1,0.0
1919,9908178,11047548,1,0.0
1920,9908178,11047549,7,0.0
1921,9908178,11047551,5,0.0
1922,9908178,11047563,1,0.0
1923,9908178,11047589,1,0.0
1924,9908178,11054052,1,0.0
1925,9908178,11054053,1,0.0
1926,9908178,11054054,6,0.0
1927,9908178,11054111,1,0.0
1928,9908178,11054113,4,0.0
1929,9908178,11054114,1,0.0
1930,9908178,11057631,1,0.0
1931,9908178,11057632,1,0.0
1932,9908178,11057634,1,0.0
1933,9908178,11057635,1,0.0
1934,9908178,11057638,1,0.0
1935,9908178,11057992,20,0.0
1936,9908178,11057993,14,0.0
1937,9908178,11057994,24,0.0
1938,9908178,11057995,39,0.0
1939,9908178,11057996,28,0.0
1940,9908178,11057997,28,0.0
1941,9908178,11057998,9,0.0
1942,9908178,11060131,1,0.0
1943,9908178,11060132,2,0.0
1944,9908178,11060134,1,0.0
1945,9908178,11110499,1,0.0
1946,9908178,11111051,2,0.0
1947,9908178,11111052,3,0.0
1948,9908178,11111054,2,0.0
1949,9908178,11111581,1,0.0
1950,9908178,11127766,1,0.0
1951,9908178,11129873,2,0.0
1952,9908178,11129975,1,0.0
1953,9908178,11238298,1,0.0
1954,9908178,11291987,1,0.0
1955,9908178,11291989,1,0.0
1956,9908178,11312764,1,0.0
1957,9908178,11312868,1,0.0
1958,9908178,11312874,1,0.0
1959,9908178,11312882,1,0.0
1960,9908178,11316900,1,0.0
1961,9908178,11316901,1,0.0
1962,9908178,11362743,1,0.0
1963,9908178,11363313,1,0.0
1964,9908178,11388428,1,0.0
1965,9908178,11391913,1,0.0
1966,9908178,11392051,1,0.0
1967,9908178,11392107,1,0.0
1968,9908178,11415078,1,0.0
1969,9908178,11417201,1,0.0
1970,9908178,11419916,1,0.0
1971,9908178,11422014,1,0.0
1972,9908178,11439439,2,0.0
1973,9908178,11439440,4,0.0
1974,9908178,11439441,4,0.0
1975,9908178,11439442,7,0.0
1976,9908178,11439443,7,0.0
1977,9908178,11439444,8,0.0
1978,9908178,11439445,4,0.0
1979,9908178,11456440,1,0.0
1980,9908178,11456443,1,0.0
1981,9908178,11456444,1,0.0
1982,9908178,11456445,1,0.0
1983,9908178,11456446,2,0.0
1984,9908178,11456448,1,0.0
1985,9908178,11518937,1,0.0
1986,9908178,11519095,1,0.0
1987,9908178,11519293,2,0.0
1988,9908178,11519295,1,0.0
1989,9908178,11519296,1,0.0
1990,9908178,11519667,3,0.0
1991,9908178,11519668,1,0.0
1992,9908178,11519669,2,0.0
1993,9908178,11519670,2,0.0
1994,9908178,11519671,3,0.0
1995,9908178,11519672,2,0.0
1996,9908178,11519674,3,0.0
1997,9908178,11519675,2,0.0
1998,9908178,11519676,4,0.0
1999,9908178,11519677,3,0.0
2000,9908178,11519683,1,0.0
2001,9908178,11522753,1,0.0
2002,9908178,11522756,1,0.0
2003,9908178,11527762,1,0.0
2004,9908178,11527817,1,0.0
2005,9908178,11534636,1,0.0
2006,9908178,11534637,2,0.0
2007,9908178,11535317,1,0.0
2008,9908178,11536751,1,0.0
2009,9908178,11545866,1,0.0
2010,9908178,11546036,1,0.0
2011,9908178,11546039,1,0.0
2012,9908178,11554736,1,0.0
2013,9908178,11567491,1,0.0
2014,9908178,11568421,1,0.0
2015,9908178,11569308,1,0.0
2016,9908178,11571927,1,0.0
2017,9908178,11571929,1,0.0
2018,9908178,11572495,1,0.0
2019,9908178,11572552,1,0.0
2020,10340029,3985719,1,0.0
2021,10340029,3985723,1,0.0
2022,10340029,3985724,1,0.0
2023,10340029,3991237,1,0.0
2024,10340029,4212825,1,0.0
2025,10340029,4212826,2,0.0
2026,10340029,4212843,1,0.0
2027,10340029,4212844,1,0.0
2028,10340029,4212845,2,0.0
2029,10340029,4212846,3,0.0
2030,10340029,4213596,1,0.0
2031,10340029,4213597,1,0.0
2032,10340029,4213598,1,0.0
2033,10340029,4267448,6,0.0
2034,10340029,4267454,40,0.0
2035,10340029,4267462,1,0.0
2036,10340029,4303063,1,0.0
2037,10340029,4303069,1,0.0
2038,10340029,4303072,1,0.0
2039,10340029,4303074,1,0.0
2040,10340029,4303369,1,0.0
2041,10340029,4317986,1,0.0
2042,10340029,4317987,1,0.0
2043,10340029,4933291,1,0.0
2044,10340029,4935260,1,0.0
2045,10340029,4935261,4,0.0
2046,10340029,4935263,3,0.0
2047,10340029,4935264,1,0.0
2048,10340029,4935854,1,0.0
2049,10340029,4935855,1,0.0
2050,10340029,4990484,1,0.0
2051,10340029,5855792,1,0.0
2052,10340029,7136290,1,0.0
2053,10340029,7136293,1,0.0
2054,10340029,7888079,1,0.0
2055,10340029,7888126,1,0.0
2056,10340029,7888127,1,0.0
2057,10340029,8088600,3,0.0
2058,10340029,8089063,3,0.0
2059,10340029,8129480,1,0.0
2060,10340029,8187414,2,0.0
2061,10340029,8333407,1,0.0
2062,10340029,8333411,1,0.0
2063,10340029,8333413,1,0.0
2064,10340029,8511516,1,0.0
2065,10340029,8674170,61,0.0
2066,10340029,8674200,26,0.0
2067,10340029,8674283,5,0.0
2068,10340029,8697401,1,0.0
2069,10340029,8697507,4,0.0
2070,10340029,8740239,2,0.0
2071,10340029,8919362,1,0.0
2072,10340029,8996239,1,0.0
2073,10340029,8996249,1,0.0
2074,10340029,9009648,3,0.0
2075,10340029,9009661,1,0.0
2076,10340029,9009696,3,0.0
2077,10340029,9009702,6,0.0
2078,10340029,9655711,1,0.0
2079,10340029,9713295,4,4.0
2080,10340029,9764745,8,0.0
2081,10340029,9764846,2,0.0
2082,10340029,9764937,1,0.0
2083,10340029,9764965,1,0.0
2084,10340029,9765079,1,0.0
2085,10340029,9765118,2,0.0
2086,10340029,9774149,2,0.0
2087,10340029,9774150,1,0.0
2088,10340029,9809277,2,0.0
2089,10340029,9809278,2,0.0
2090,10340029,9809291,1,0.0
2091,10340029,9809297,1,0.0
2092,10340029,9809298,1,0.0
2093,10340029,9809299,1,0.0
2094,10340029,9809301,1,0.0
2095,10340029,9809315,1,0.0
2096,10340029,9809318,1,0.0
2097,10340029,9809346,1,0.0
2098,10340029,9809360,1,0.0
2099,10340029,9867305,1,0.0
2100,10340029,9878950,1,0.0
2101,10340029,9908176,1,1.0
2102,10340029,9908177,2,2.0
2103,10340029,9908178,2,2.0
2104,10340029,9908181,2,0.0
2105,10340029,9908222,1,0.0
2106,10340029,9953269,1,0.0
2107,10340029,9953275,1,0.0
2108,10340029,9981172,1,0.0
2109,10340029,9981173,1,0.0
2110,10340029,10010609,1,0.0
2111,10340029,10010610,3,0.0
2112,10340029,10021387,1,0.0
2113,10340029,10021401,1,0.0
2114,10340029,10021409,1,0.0
2115,10340029,10024357,2,0.0
2116,10340029,10024580,34,0.0
2117,10340029,10024593,44,0.0
2118,10340029,10203259,1,0.0
2119,10340029,10203268,1,0.0
2120,10340029,10203295,1,0.0
2121,10340029,10203296,3,0.0
2122,10340029,10203297,2,0.0
2123,10340029,10203298,1,0.0
2124,10340029,10203299,2,0.0
2125,10340029,10203301,1,0.0
2126,10340029,10207153,1,0.0
2127,10340029,10212331,1,0.0
2128,10340029,10216995,1,0.0
2129,10340029,10217118,1,0.0
2130,10340029,10217435,1,0.0
2131,10340029,10237503,1,0.0
2132,10340029,10256285,2,0.0
2133,10340029,10281735,1,0.0
2134,10340029,10281744,1,0.0
2135,10340029,10281745,1,0.0
2136,10340029,10282605,1,0.0
2137,10340029,10282661,1,0.0
2138,10340029,10282669,1,0.0
2139,10340029,10282674,1,0.0
2140,10340029,10283395,1,0.0
2141,10340029,10283517,2,0.0
2142,10340029,10283518,2,0.0
2143,10340029,10283521,1,0.0
2144,10340029,10283522,1,0.0
2145,10340029,10283523,1,0.0
2146,10340029,10283540,1,0.0
2147,10340029,10283541,2,0.0
2148,10340029,10283543,4,0.0
2149,10340029,10283544,2,0.0
2150,10340029,10285431,1,0.0
2151,10340029,10285601,1,0.0
2152,10340029,10285985,1,0.0
2153,10340029,10295799,1,0.0
2154,10340029,10323055,1,0.0
2155,10340029,10323056,1,0.0
2156,10340029,10323057,1,0.0
2157,10340029,10339950,8,0.0
2158,10340029,10339954,1,0.0
2159,10340029,10339958,2,0.0
2160,10340029,10339962,14,0.0
2161,10340029,10339966,3,0.0
2162,10340029,10340002,36,0.0
2163,10340029,10340003,71,0.0
2164,10340029,10340008,77,0.0
2165,10340029,10340012,2,0.0
2166,10340029,10340014,15,0.0
2167,10340029,10340019,3,0.0
2168,10340029,10340020,18,0.0
2169,10340029,10340027,88,0.0
2170,10340029,10340028,802,0.0
2171,10340029,10340030,221,0.0
2172,10340029,10340061,1,0.0
2173,10340029,10340062,1,0.0
2174,10340029,10340067,49,0.0
2175,10340029,10340068,16,0.0
2176,10340029,10340134,6,0.0
2177,10340029,10340137,2,0.0
2178,10340029,10340139,2,0.0
2179,10340029,10340370,1,0.0
2180,10340029,10343197,1,0.0
2181,10340029,10343198,1,0.0
2182,10340029,10343206,1,0.0
2183,10340029,10343207,2,0.0
2184,10340029,10343208,1,0.0
2185,10340029,10343210,1,0.0
2186,10340029,10343211,1,0.0
2187,10340029,10343258,1,0.0
2188,10340029,10343261,1,0.0
2189,10340029,10439980,1,0.0
2190,10340029,10439987,1,0.0
2191,10340029,10439992,1,0.0
2192,10340029,10496444,1,0.0
2193,10340029,10496470,1,0.0
2194,10340029,10498234,1,0.0
2195,10340029,10568738,1,0.0
2196,10340029,10592132,1,0.0
2197,10340029,10592217,1,0.0
2198,10340029,10660753,1,0.0
2199,10340029,10678679,1,0.0
2200,10340029,10722620,1,0.0
2201,10340029,10722623,2,0.0
2202,10340029,10724076,1,0.0
2203,10340029,10727436,1,0.0
2204,10340029,10727437,3,0.0
2205,10340029,10727440,3,0.0
2206,10340029,10735119,1,0.0
2207,10340029,10754994,1,0.0
2208,10340029,10754998,1,0.0
2209,10340029,10755000,1,0.0
2210,10340029,10755003,1,0.0
2211,10340029,10755016,1,0.0
2212,10340029,10755044,1,0.0
2213,10340029,10755047,1,0.0
2214,10340029,10755441,1,0.0
2215,10340029,10755447,1,0.0
2216,10340029,10755462,1,0.0
2217,10340029,10755464,1,0.0
2218,10340029,10755470,1,0.0
2219,10340029,10755471,1,0.0
2220,10340029,10755473,1,0.0
2221,10340029,10770965,2,0.0
2222,10340029,10770967,1,0.0
2223,10340029,10804008,1,0.0
2224,10340029,10821315,1,0.0
2225,10340029,10834223,7,0.0
2226,10340029,10834224,4,0.0
2227,10340029,10834225,3,0.0
2228,10340029,10834841,13,0.0
2229,10340029,10834842,17,0.0
2230,10340029,10834843,1,0.0
2231,10340029,10834844,7,0.0
2232,10340029,10945907,1,0.0
2233,10340029,10950953,1,0.0
2234,10340029,10951010,1,0.0
2235,10340029,10952172,3,0.0
2236,10340029,10952497,1,0.0
2237,10340029,10952498,1,0.0
2238,10340029,10952665,2,0.0
2239,10340029,10952666,2,0.0
2240,10340029,10952668,1,0.0
2241,10340029,10952670,1,0.0
2242,10340029,10952718,17,0.0
2243,10340029,10952719,21,0.0
2244,10340029,10952720,4,0.0
2245,10340029,10952721,1,0.0
2246,10340029,10952780,5,0.0
2247,10340029,10952781,1,0.0
2248,10340029,10952867,1,0.0
2249,10340029,10952868,18,0.0
2250,10340029,10952870,2,0.0
2251,10340029,10952887,11,0.0
2252,10340029,10952888,11,0.0
2253,10340029,10952889,4,0.0
2254,10340029,10952890,2,0.0
2255,10340029,10952891,11,0.0
2256,10340029,10952892,11,0.0
2257,10340029,10952893,4,0.0
2258,10340029,10952894,1,0.0
2259,10340029,10953178,15,0.0
2260,10340029,10953179,12,0.0
2261,10340029,10953180,3,0.0
2262,10340029,10953181,3,0.0
2263,10340029,10953394,23,0.0
2264,10340029,10953395,11,0.0
2265,10340029,10953396,2,0.0
2266,10340029,10953397,11,0.0
2267,10340029,10953406,3,0.0
2268,10340029,10953407,9,0.0
2269,10340029,10953408,2,0.0
2270,10340029,10953409,4,0.0
2271,10340029,10976772,1,0.0
2272,10340029,10978925,1,0.0
2273,10340029,10978942,2,0.0
2274,10340029,10978952,1,0.0
2275,10340029,10991990,1,0.0
2276,10340029,10992007,1,0.0
2277,10340029,11011998,1,0.0
2278,10340029,11033487,1,0.0
2279,10340029,11047542,1,0.0
2280,10340029,11047544,1,0.0
2281,10340029,11047545,2,0.0
2282,10340029,11047547,4,0.0
2283,10340029,11047549,1,0.0
2284,10340029,11047563,1,0.0
2285,10340029,11047590,1,0.0
2286,10340029,11047593,1,0.0
2287,10340029,11054050,5,0.0
2288,10340029,11054051,13,0.0
2289,10340029,11054052,9,0.0
2290,10340029,11054053,9,0.0
2291,10340029,11054054,7,0.0
2292,10340029,11054110,1,0.0
2293,10340029,11054111,8,0.0
2294,10340029,11054112,8,0.0
2295,10340029,11054113,3,0.0
2296,10340029,11054114,8,0.0
2297,10340029,11055405,2,0.0
2298,10340029,11055406,2,0.0
2299,10340029,11055408,2,0.0
2300,10340029,11055416,2,0.0
2301,10340029,11055417,1,0.0
2302,10340029,11055420,1,0.0
2303,10340029,11059550,2,0.0
2304,10340029,11059551,1,0.0
2305,10340029,11060130,5,0.0
2306,10340029,11060131,11,0.0
2307,10340029,11060132,7,0.0
2308,10340029,11060133,4,0.0
2309,10340029,11060134,6,0.0
2310,10340029,11061842,1,0.0
2311,10340029,11061843,1,0.0
2312,10340029,11061846,1,0.0
2313,10340029,11062296,1,0.0
2314,10340029,11064570,1,0.0
2315,10340029,11064962,1,0.0
2316,10340029,11064971,1,0.0
2317,10340029,11086321,1,0.0
2318,10340029,11092711,1,0.0
2319,10340029,11092714,3,0.0
2320,10340029,11093022,1,0.0
2321,10340029,11093023,1,0.0
2322,10340029,11093033,2,0.0
2323,10340029,11095643,1,0.0
2324,10340029,11095652,1,0.0
2325,10340029,11095683,1,0.0
2326,10340029,11099511,1,0.0
2327,10340029,11099521,1,0.0
2328,10340029,11100384,1,0.0
2329,10340029,11108643,1,0.0
2330,10340029,11109239,1,0.0
2331,10340029,11109812,2,0.0
2332,10340029,11109892,1,0.0
2333,10340029,11109900,1,0.0
2334,10340029,11110497,1,0.0
2335,10340029,11110499,1,0.0
2336,10340029,11111050,1,0.0
2337,10340029,11111051,6,0.0
2338,10340029,11111052,1,0.0
2339,10340029,11111053,1,0.0
2340,10340029,11111581,1,0.0
2341,10340029,11111991,1,0.0
2342,10340029,11111992,1,0.0
2343,10340029,11116369,1,0.0
2344,10340029,11116421,3,0.0
2345,10340029,11116423,2,0.0
2346,10340029,11116642,2,0.0
2347,10340029,11116643,1,0.0
2348,10340029,11116644,1,0.0
2349,10340029,11116688,1,0.0
2350,10340029,11116781,1,0.0
2351,10340029,11116783,2,0.0
2352,10340029,11116785,1,0.0
2353,10340029,11116912,1,0.0
2354,10340029,11116921,1,0.0
2355,10340029,11116922,1,0.0
2356,10340029,11116923,1,0.0
2357,10340029,11116957,1,0.0
2358,10340029,11116961,3,0.0
2359,10340029,11116963,1,0.0
2360,10340029,11116964,1,0.0
2361,10340029,11116965,3,0.0
2362,10340029,11127068,1,0.0
2363,10340029,11127225,2,0.0
2364,10340029,11127226,1,0.0
2365,10340029,11127228,1,0.0
2366,10340029,11127361,8,0.0
2367,10340029,11127362,15,0.0
2368,10340029,11127363,4,0.0
2369,10340029,11127364,9,0.0
2370,10340029,11127542,1,0.0
2371,10340029,11127544,1,0.0
2372,10340029,11127545,2,0.0
2373,10340029,11127547,2,0.0
2374,10340029,11127550,1,0.0
2375,10340029,11127673,1,0.0
2376,10340029,11127766,1,0.0
2377,10340029,11127923,1,0.0
2378,10340029,11127926,1,0.0
2379,10340029,11128666,9,0.0
2380,10340029,11128667,10,0.0
2381,10340029,11128668,7,0.0
2382,10340029,11128669,3,0.0
2383,10340029,11128673,2,0.0
2384,10340029,11128674,7,0.0
2385,10340029,11128675,4,0.0
2386,10340029,11128870,1,0.0
2387,10340029,11128918,1,0.0
2388,10340029,11128933,1,0.0
2389,10340029,11128952,1,0.0
2390,10340029,11128972,7,0.0
2391,10340029,11128973,9,0.0
2392,10340029,11128974,4,0.0
2393,10340029,11128975,4,0.0
2394,10340029,11128979,3,0.0
2395,10340029,11128980,3,0.0
2396,10340029,11128981,1,0.0
2397,10340029,11128982,2,0.0
2398,10340029,11129358,2,0.0
2399,10340029,11129360,1,0.0
2400,10340029,11129371,1,0.0
2401,10340029,11129372,1,0.0
2402,10340029,11129862,2,0.0
2403,10340029,11129864,3,0.0
2404,10340029,11129865,3,0.0
2405,10340029,11129866,1,0.0
2406,10340029,11129867,11,0.0
2407,10340029,11129869,1,0.0
2408,10340029,11129871,23,0.0
2409,10340029,11129872,30,0.0
2410,10340029,11129873,11,0.0
2411,10340029,11129874,8,0.0
2412,10340029,11129886,1,0.0
2413,10340029,11129973,3,0.0
2414,10340029,11129975,12,0.0
2415,10340029,11129976,10,0.0
2416,10340029,11129977,5,0.0
2417,10340029,11129978,9,0.0
2418,10340029,11130570,1,0.0
2419,10340029,11130572,7,0.0
2420,10340029,11130573,3,0.0
2421,10340029,11130574,1,0.0
2422,10340029,11130575,1,0.0
2423,10340029,11130584,1,0.0
2424,10340029,11130588,1,0.0
2425,10340029,11131009,1,0.0
2426,10340029,11131010,3,0.0
2427,10340029,11131012,2,0.0
2428,10340029,11131319,1,0.0
2429,10340029,11131321,2,0.0
2430,10340029,11131322,1,0.0
2431,10340029,11131801,1,0.0
2432,10340029,11131803,1,0.0
2433,10340029,11131804,3,0.0
2434,10340029,11132958,1,0.0
2435,10340029,11133155,2,0.0
2436,10340029,11133965,2,0.0
2437,10340029,11133967,1,0.0
2438,10340029,11133969,1,0.0
2439,10340029,11146603,1,0.0
2440,10340029,11146604,2,0.0
2441,10340029,11180415,1,0.0
2442,10340029,11180476,1,0.0
2443,10340029,11205402,1,0.0
2444,10340029,11206375,1,0.0
2445,10340029,11206376,2,0.0
2446,10340029,11206377,1,0.0
2447,10340029,11206378,1,0.0
2448,10340029,11206382,1,0.0
2449,10340029,11206383,1,0.0
2450,10340029,11213603,1,0.0
2451,10340029,11213855,1,0.0
2452,10340029,11252622,1,0.0
2453,10340029,11252623,4,0.0
2454,10340029,11252625,2,0.0
2455,10340029,11252635,1,0.0
2456,10340029,11291987,1,0.0
2457,10340029,11311993,1,0.0
2458,10340029,11316901,1,0.0
2459,10340029,11317268,1,0.0
2460,10340029,11360735,1,0.0
2461,10340029,11362276,12,0.0
2462,10340029,11362382,1,0.0
2463,10340029,11362470,1,0.0
2464,10340029,11362478,1,0.0
2465,10340029,11362583,23,0.0
2466,10340029,11362589,35,0.0
2467,10340029,11362701,2,0.0
2468,10340029,11362904,1,0.0
2469,10340029,11363313,64,0.0
2470,10340029,11363429,30,0.0
2471,10340029,11385246,1,0.0
2472,10340029,11385247,1,0.0
2473,10340029,11385248,1,0.0
2474,10340029,11388414,1,0.0
2475,10340029,11388415,2,0.0
2476,10340029,11388430,1,0.0
2477,10340029,11410474,1,0.0
2478,10340029,11410496,1,0.0
2479,10340029,11412245,1,0.0
2480,10340029,11414444,1,0.0
2481,10340029,11414875,1,0.0
2482,10340029,11417201,2,0.0
2483,10340029,11417216,1,0.0
2484,10340029,11419873,1,0.0
2485,10340029,11419913,1,0.0
2486,10340029,11419917,1,0.0
2487,10340029,11422100,1,0.0
2488,10340029,11437236,1,0.0
2489,10340029,11440044,1,0.0
2490,10340029,11440046,1,0.0
2491,10340029,11448528,2,0.0
2492,10340029,11456434,1,0.0
2493,10340029,11458499,2,0.0
2494,10340029,11458500,2,0.0
2495,10340029,11458501,1,0.0
2496,10340029,11460424,2,0.0
2497,10340029,11474328,1,0.0
2498,10340029,11477396,1,0.0
2499,10340029,11477510,1,0.0
2500,10340029,11492853,1,0.0
2501,10340029,11492887,1,0.0
2502,10340029,11507761,1,0.0
2503,10340029,11507802,1,0.0
2504,10340029,11507818,1,0.0
2505,10340029,11507873,2,0.0
2506,10340029,11507875,1,0.0
2507,10340029,11516926,2,0.0
2508,10340029,11516927,1,0.0
2509,10340029,11516929,1,0.0
2510,10340029,11517265,1,0.0
2511,10340029,11518661,1,0.0
2512,10340029,11518912,1,0.0
2513,10340029,11519292,1,0.0
2514,10340029,11519293,5,0.0
2515,10340029,11519294,3,0.0
2516,10340029,11519295,2,0.0
2517,10340029,11519296,1,0.0
2518,10340029,11519672,1,0.0
2519,10340029,11519674,1,0.0
2520,10340029,11519675,1,0.0
2521,10340029,11519751,1,0.0
2522,10340029,11519761,1,0.0
2523,10340029,11519778,1,0.0
2524,10340029,11520752,1,0.0
2525,10340029,11521572,1,0.0
2526,10340029,11521966,1,0.0
2527,10340029,11522738,1,0.0
2528,10340029,11522753,1,0.0
2529,10340029,11527658,1,0.0
2530,10340029,11527761,1,0.0
2531,10340029,11527765,1,0.0
2532,10340029,11528611,1,0.0
2533,10340029,11528816,1,0.0
2534,10340029,11528817,1,0.0
2535,10340029,11528909,1,0.0
2536,10340029,11529368,1,0.0
2537,10340029,11529391,1,0.0
2538,10340029,11529648,1,0.0
2539,10340029,11530122,1,0.0
2540,10340029,11530141,1,0.0
2541,10340029,11530273,1,0.0
2542,10340029,11533586,1,0.0
2543,10340029,11534166,1,0.0
2544,10340029,11534170,1,0.0
2545,10340029,11534178,1,0.0
2546,10340029,11536747,1,0.0
2547,10340029,11545731,6,0.0
2548,10340029,11545732,5,0.0
2549,10340029,11545734,3,0.0
2550,10340029,11546036,2,0.0
2551,10340029,11546037,5,0.0
2552,10340029,11546038,1,0.0
2553,10340029,11546039,2,0.0
2554,10340029,11550296,1,0.0
2555,10340029,11550704,2,0.0
2556,10340029,11554732,2,0.0
2557,10340029,11554736,7,0.0
2558,10340029,11554753,1,0.0
2559,10340029,11558134,2,0.0
2560,10340029,11558135,3,0.0
2561,10340029,11558136,2,0.0
2562,10340029,11558138,2,0.0
2563,10340029,11558217,1,0.0
2564,10340029,11558228,1,0.0
2565,10340029,11558229,1,0.0
2566,10340029,11558230,1,0.0
2567,10340029,11558237,1,0.0
2568,10340029,11558238,1,0.0
2569,10340029,11558246,2,0.0
2570,10340029,11558247,2,0.0
2571,10340029,11558248,1,0.0
2572,10340029,11558322,1,0.0
2573,10340029,11558325,1,0.0
2574,10340029,11558711,1,0.0
2575,10340029,11559093,1,0.0
2576,10340029,11559643,1,0.0
2577,10340029,11559659,1,0.0
2578,10340029,11559661,1,0.0
2579,10340029,11561138,1,0.0
2580,10340029,11561236,1,0.0
2581,10340029,11564339,1,0.0
2582,10340029,11567490,1,0.0
2583,10340029,11567491,1,0.0
2584,10340029,11568939,1,0.0
2585,10340029,11569307,1,0.0
2586,10340029,11569308,1,0.0
2587,10340029,11569350,4,0.0
2588,10340029,11569351,3,0.0
2589,10340029,11569803,2,0.0
2590,10340029,11569902,1,0.0
2591,10340029,11570061,1,0.0
2592,10340029,11570548,1,0.0
2593,10340029,11571510,2,0.0
2594,10340029,11571512,1,0.0
2595,10340029,11572471,1,0.0
2596,10340029,11572495,1,0.0
2597,10340029,11572551,1,0.0
2598,10340029,11574572,2,0.0
2599,10340029,11574573,1,0.0
2600,10340029,11574810,2,0.0
2601,10340029,11574812,3,0.0
2602,10340029,11574813,4,0.0
