,1,2,3,4,5,6,7,8,9,10
0,7176.0,6775.0,12247.0,12112.0,6978.0,8591.0,12718.0,7416.0,7574.0,7804.0
1,5580.0,6318.0,9800.0,10031.0,5718.0,7099.0,10073.0,6333.0,6206.0,5394.0
2,5471.0,6763.0,8001.0,8857.0,5974.0,6749.0,7049.0,5038.0,4699.0,5696.0
3,4892.0,5618.0,7772.0,9472.0,4999.0,6282.0,8234.0,6084.0,5340.0,5419.0
4,4881.0,4810.0,9292.0,10512.0,5159.0,6829.0,7115.0,4997.0,5855.0,5556.0
5,4952.0,2630.0,4455.0,9719.0,1760.0,3829.0,4236.0,2660.0,4657.0,4402.0
6,0.0,0.0,0.0,0.0,0.0,0.0,0.0,0.0,0.0,0.0
7,4717.0,3995.0,4566.0,7794.0,4045.0,5908.0,6385.0,4128.0,4761.0,4685.0
8,3900.0,4075.0,5041.0,7121.0,3916.0,5861.0,6780.0,4358.0,2724.0,4470.0
9,4008.0,4198.0,4827.0,6537.0,3546.0,4454.0,5921.0,3508.0,3761.0,4640.0
10,4044.0,2973.0,4463.0,7088.0,3401.0,5235.0,6779.0,4833.0,3702.0,4460.0
11,4127.0,3441.0,5390.0,7857.0,4227.0,5553.0,7010.0,3619.0,5325.0,4962.0
12,5182.0,2399.0,3938.0,9455.0,1698.0,3702.0,4451.0,2357.0,4883.0,4441.0
13,0.0,0.0,0.0,0.0,0.0,0.0,0.0,0.0,0.0,0.0
14,5394.0,6311.0,6014.0,11667.0,6217.0,6764.0,10832.0,7589.0,4658.0,6178.0
15,5720.0,5803.0,7961.0,9977.0,5680.0,7066.0,9074.0,5893.0,6065.0,5215.0
16,5578.0,5974.0,7863.0,9236.0,6110.0,7343.0,7664.0,6469.0,4904.0,5218.0
17,5195.0,5091.0,7910.0,8516.0,4397.0,5844.0,7690.0,6114.0,5237.0,4736.0
18,5586.0,4589.0,7565.0,9730.0,4960.0,6433.0,8360.0,5251.0,5501.0,5404.0
19,5598.0,2205.0,3902.0,9323.0,1570.0,3443.0,3774.0,2366.0,4544.0,4789.0
20,0.0,0.0,0.0,0.0,0.0,0.0,0.0,0.0,0.0,0.0
21,4055.0,3549.0,5352.0,7374.0,3089.0,6209.0,6483.0,3459.0,4683.0,4489.0
22,3725.0,3461.0,5375.0,7559.0,3569.0,5411.0,6480.0,3846.0,3941.0,4374.0
23,4601.0,4446.0,4920.0,7601.0,4273.0,5751.0,5401.0,3638.0,4341.0,3986.0
24,4709.0,4340.0,5682.0,10359.0,4392.0,6458.0,7072.0,5680.0,5098.0,4867.0
25,5633.0,4545.0,6725.0,9332.0,4241.0,6601.0,8721.0,4406.0,5610.0,4470.0
26,5970.0,2956.0,5155.0,11123.0,1757.0,3927.0,5752.0,2399.0,5862.0,4357.0
27,0.0,0.0,0.0,0.0,0.0,0.0,0.0,0.0,0.0,0.0
28,7032.0,6480.0,10913.0,13937.0,6846.0,7954.0,11182.0,8273.0,7431.0,7617.0
29,6049.0,6269.0,9372.0,11353.0,5662.0,7334.0,9502.0,6901.0,6691.0,5423.0
30,6140.0,6438.0,9084.0,10095.0,5724.0,6871.0,8303.0,6237.0,6396.0,5539.0
31,5499.0,5575.0,7786.0,10162.0,4889.0,6193.0,8664.0,6833.0,5320.0,5838.0
32,5681.0,4203.0,7945.0,9965.0,4764.0,6623.0,8091.0,6035.0,5876.0,5655.0
33,5370.0,3031.0,4324.0,10095.0,1709.0,3851.0,4437.0,2487.0,5498.0,4477.0
34,0.0,0.0,0.0,0.0,0.0,0.0,0.0,0.0,0.0,0.0
35,4409.0,4303.0,5541.0,8907.0,3978.0,5695.0,7457.0,4215.0,3745.0,4433.0
36,4015.0,3968.0,5725.0,7800.0,3178.0,5119.0,6506.0,3503.0,4570.0,4506.0
37,4252.0,5001.0,5111.0,7983.0,4412.0,4804.0,7005.0,3993.0,4613.0,4953.0
38,4241.0,4439.0,5912.0,8239.0,3908.0,5056.0,6520.0,5316.0,4491.0,4111.0
39,4809.0,3812.0,5159.0,7993.0,3811.0,5215.0,7677.0,3737.0,4832.0,4385.0
40,6154.0,2401.0,4000.0,9757.0,1740.0,3779.0,5140.0,2488.0,5292.0,4340.0
41,0.0,0.0,0.0,0.0,0.0,0.0,0.0,0.0,0.0,0.0
42,6407.0,7493.0,10793.0,13163.0,8397.0,8262.0,11148.0,8184.0,6933.0,7495.0
43,5386.0,5734.0,7997.0,9719.0,3906.0,6450.0,8497.0,6351.0,5713.0,6049.0
44,5660.0,6116.0,7862.0,8906.0,5517.0,6535.0,7120.0,6324.0,5231.0,5200.0
45,5261.0,5276.0,7517.0,9303.0,4778.0,6252.0,7735.0,6562.0,5328.0,5969.0
46,5000.0,4552.0,7993.0,10623.0,4874.0,6796.0,8043.0,5493.0,5254.0,5285.0
47,5237.0,1919.0,3688.0,9708.0,1425.0,3403.0,4233.0,2122.0,4676.0,4534.0
48,0.0,0.0,0.0,0.0,0.0,0.0,0.0,0.0,0.0,0.0
49,4038.0,3084.0,5072.0,7158.0,3372.0,5660.0,6839.0,4241.0,4373.0,4822.0
50,3794.0,3919.0,5154.0,7199.0,3664.0,5471.0,6464.0,4031.0,3925.0,4403.0
51,4558.0,4741.0,5172.0,7256.0,3634.0,5280.0,6381.0,4152.0,4032.0,4414.0
52,4676.0,4859.0,6167.0,10697.0,4940.0,6524.0,7413.0,5545.0,5134.0,4681.0
53,4611.0,4290.0,6575.0,9873.0,4082.0,6755.0,8052.0,4465.0,5578.0,4775.0
54,5350.0,2643.0,5037.0,10541.0,1939.0,4257.0,5240.0,2574.0,5505.0,4620.0
55,0.0,0.0,0.0,0.0,0.0,0.0,0.0,0.0,0.0,0.0
56,7675.0,7993.0,11004.0,13382.0,7926.0,8596.0,11946.0,8279.0,7785.0,7280.0
57,6300.0,6357.0,9878.0,9844.0,6131.0,8057.0,9821.0,7947.0,6108.0,7003.0
58,5973.0,6842.0,8729.0,9357.0,6027.0,7243.0,8802.0,5977.0,5988.0,5115.0
59,5637.0,5747.0,8479.0,9190.0,4430.0,6867.0,7698.0,6875.0,5227.0,5460.0
60,5853.0,4822.0,8174.0,10245.0,4744.0,6630.0,8322.0,5223.0,5788.0,5350.0
61,5578.0,2208.0,3778.0,9936.0,1558.0,3450.0,5013.0,2263.0,5610.0,4213.0
62,0.0,0.0,0.0,0.0,0.0,0.0,0.0,0.0,0.0,0.0
63,4949.0,3778.0,4968.0,8395.0,3343.0,5680.0,6325.0,3641.0,4312.0,5401.0
64,3853.0,2991.0,5452.0,7676.0,2809.0,5579.0,7182.0,3729.0,4258.0,4807.0
65,4341.0,3874.0,5391.0,7522.0,3486.0,5129.0,6538.0,3973.0,4521.0,4609.0
66,5108.0,3964.0,4993.0,7112.0,3488.0,5697.0,6752.0,4878.0,4229.0,4914.0
67,4925.0,4181.0,6933.0,7849.0,3839.0,5838.0,8083.0,4424.0,4748.0,5135.0
68,5003.0,2956.0,4249.0,9446.0,1717.0,3750.0,5335.0,2512.0,4642.0,3885.0
69,0.0,0.0,0.0,0.0,0.0,0.0,0.0,0.0,0.0,0.0
70,7072.0,7593.0,11199.0,11643.0,7297.0,7907.0,8415.0,7418.0,7244.0,6766.0
71,6563.0,6224.0,9725.0,10301.0,4930.0,6603.0,8576.0,6587.0,5996.0,5584.0
72,5598.0,6783.0,8459.0,9149.0,6085.0,7506.0,8934.0,7031.0,5096.0,3927.0
73,5179.0,5322.0,8245.0,9466.0,5027.0,6335.0,7976.0,6808.0,5414.0,4623.0
74,5506.0,4955.0,8355.0,10190.0,4862.0,6745.0,9776.0,4778.0,6215.0,5158.0
75,5603.0,2691.0,4200.0,9875.0,2153.0,3582.0,5347.0,2284.0,4557.0,4285.0
76,0.0,0.0,0.0,0.0,0.0,0.0,0.0,0.0,0.0,0.0
77,6729.0,8412.0,10181.0,11548.0,7563.0,8285.0,12717.0,7724.0,6717.0,6513.0
78,6686.0,6384.0,9991.0,10381.0,6086.0,8286.0,10454.0,7070.0,6257.0,5495.0
79,6660.0,7880.0,9033.0,11014.0,6477.0,8296.0,10734.0,6482.0,6816.0,5639.0
80,7285.0,7229.0,9884.0,16910.0,7945.0,10228.0,13770.0,8966.0,8515.0,7243.0
81,0.0,0.0,0.0,0.0,0.0,0.0,0.0,0.0,0.0,0.0
82,7132.0,4406.0,6267.0,14669.0,2916.0,5249.0,11274.0,3500.0,6457.0,5809.0
83,0.0,0.0,0.0,0.0,0.0,0.0,0.0,0.0,0.0,0.0
84,0.0,0.0,0.0,0.0,0.0,0.0,0.0,0.0,0.0,0.0
85,5484.0,3643.0,5856.0,11522.0,4436.0,7028.0,9418.0,5409.0,5762.0,5747.0
86,4625.0,4250.0,5704.0,8922.0,4247.0,6066.0,6884.0,4358.0,5048.0,4662.0
87,4293.0,4114.0,6663.0,8692.0,3875.0,5359.0,7210.0,4649.0,4219.0,4531.0
88,4390.0,3872.0,6197.0,8264.0,3949.0,5798.0,8011.0,4100.0,4623.0,4529.0
89,5075.0,2461.0,4656.0,9985.0,1571.0,3297.0,5276.0,2646.0,5046.0,4607.0
90,0.0,0.0,0.0,0.0,0.0,0.0,0.0,0.0,0.0,0.0
91,6046.0,6696.0,9781.0,10943.0,6817.0,7883.0,11404.0,8004.0,7024.0,7087.0
92,5514.0,6574.0,9416.0,9238.0,5204.0,7676.0,10176.0,6875.0,6101.0,5782.0
93,4903.0,6520.0,8414.0,8798.0,5698.0,6645.0,7548.0,5239.0,4779.0,5541.0
94,4366.0,5301.0,7959.0,8764.0,4509.0,6389.0,7253.0,6009.0,5770.0,4689.0
95,5263.0,4334.0,8866.0,9492.0,4767.0,6520.0,8949.0,5379.0,6055.0,6096.0
96,4773.0,2561.0,3765.0,9901.0,1515.0,3121.0,4887.0,2202.0,4873.0,4321.0
97,0.0,0.0,0.0,0.0,0.0,0.0,0.0,0.0,0.0,0.0
98,3941.0,3850.0,5295.0,7181.0,3344.0,5683.0,6342.0,3837.0,4665.0,4558.0
99,3357.0,4059.0,5092.0,6559.0,3367.0,5641.0,6747.0,4346.0,4535.0,4592.0
100,3649.0,4776.0,5320.0,6154.0,3636.0,5758.0,6100.0,3825.0,4227.0,4426.0
101,2952.0,3516.0,5399.0,6390.0,3280.0,5156.0,6465.0,5039.0,4799.0,4184.0
102,4303.0,3525.0,5608.0,7287.0,3596.0,5872.0,7029.0,3739.0,5359.0,4743.0
103,4350.0,2701.0,4007.0,8749.0,2152.0,4166.0,5128.0,2562.0,4529.0,4092.0
104,0.0,0.0,0.0,0.0,0.0,0.0,0.0,0.0,0.0,0.0
105,5672.0,6774.0,8979.0,11138.0,6458.0,8100.0,10465.0,7436.0,6622.0,7365.0
106,4492.0,5775.0,8294.0,9166.0,4859.0,7543.0,9166.0,6195.0,6088.0,5343.0
107,4309.0,6260.0,8041.0,7496.0,5076.0,6514.0,7970.0,5061.0,5600.0,5184.0
108,3939.0,4689.0,7232.0,7985.0,4775.0,6212.0,7960.0,6315.0,4698.0,5291.0
109,4841.0,4914.0,7194.0,8593.0,4228.0,6598.0,8399.0,4663.0,5643.0,4844.0
110,5726.0,2134.0,3773.0,9752.0,1428.0,3346.0,5164.0,2471.0,5248.0,4074.0
111,0.0,0.0,0.0,0.0,0.0,0.0,0.0,0.0,0.0,0.0
112,5821.0,6707.0,9036.0,11140.0,6967.0,8088.0,10913.0,8005.0,7440.0,7284.0
113,5925.0,6872.0,11641.0,14870.0,6387.0,9810.0,12517.0,8872.0,7441.0,7468.0
114,0.0,0.0,0.0,0.0,0.0,0.0,0.0,0.0,0.0,0.0
115,6486.0,6699.0,9884.0,12976.0,6347.0,8943.0,12432.0,7765.0,7734.0,6959.0
116,6027.0,5938.0,9198.0,11335.0,5531.0,8164.0,10699.0,5790.0,7080.0,6119.0
117,5912.0,2260.0,4732.0,9713.0,1922.0,3620.0,6426.0,2517.0,5656.0,5392.0
118,0.0,0.0,0.0,0.0,0.0,0.0,0.0,0.0,0.0,0.0
119,4568.0,3840.0,6092.0,7915.0,3895.0,5918.0,8820.0,5090.0,5292.0,5579.0
120,4624.0,4131.0,6048.0,8175.0,3961.0,6581.0,8039.0,4271.0,4861.0,5250.0
121,5230.0,5605.0,6866.0,9078.0,4680.0,7143.0,8250.0,4797.0,5972.0,5469.0
122,0.0,0.0,0.0,0.0,0.0,0.0,0.0,0.0,0.0,0.0
123,5409.0,4888.0,7821.0,10624.0,4937.0,6355.0,10983.0,4974.0,5966.0,5945.0
124,5064.0,2702.0,6103.0,10399.0,1788.0,4094.0,6153.0,2552.0,5021.0,4506.0
125,0.0,0.0,0.0,0.0,0.0,0.0,0.0,0.0,0.0,0.0
126,6106.0,6604.0,8836.0,12178.0,6862.0,8389.0,11380.0,7419.0,6902.0,6948.0
127,5083.0,5913.0,8802.0,10091.0,5587.0,7179.0,10353.0,7531.0,6414.0,6194.0
128,4790.0,6263.0,8094.0,9446.0,5443.0,7219.0,9086.0,5857.0,5735.0,5275.0
129,4448.0,5317.0,8081.0,8839.0,4790.0,6902.0,8754.0,6893.0,5497.0,5810.0
130,4856.0,4582.0,7980.0,9049.0,5354.0,7346.0,8936.0,5413.0,5511.0,6042.0
131,4413.0,2343.0,3946.0,10853.0,1939.0,3822.0,7121.0,2549.0,5175.0,4216.0
132,0.0,0.0,0.0,0.0,0.0,0.0,0.0,0.0,0.0,0.0
133,0.0,0.0,0.0,0.0,0.0,0.0,0.0,0.0,0.0,0.0
134,4789.0,4548.0,6829.0,9778.0,4495.0,7053.0,7332.0,4675.0,6111.0,4846.0
135,3559.0,4663.0,5617.0,7456.0,4381.0,5498.0,5897.0,4062.0,4727.0,5030.0
136,4030.0,3916.0,4929.0,7078.0,3930.0,6249.0,7385.0,4726.0,3948.0,3686.0
137,4232.0,3778.0,6220.0,7737.0,3830.0,6397.0,7303.0,3944.0,4678.0,5093.0
138,4408.0,2823.0,4144.0,9971.0,1668.0,4100.0,4084.0,2064.0,5562.0,4677.0
139,0.0,0.0,0.0,0.0,0.0,0.0,0.0,0.0,0.0,0.0
140,5519.0,6751.0,9551.0,11293.0,6746.0,7806.0,11260.0,8313.0,7262.0,5889.0
141,4995.0,5732.0,9168.0,9804.0,5725.0,6508.0,10304.0,6662.0,6044.0,5303.0
142,5784.0,5345.0,9222.0,9457.0,5334.0,6571.0,8626.0,6244.0,6863.0,5275.0
143,0.0,5822.0,0.0,8975.0,5065.0,6594.0,9571.0,7077.0,0.0,5037.0
144,7893.0,5916.0,12211.0,13064.0,6082.0,9521.0,11727.0,5701.0,8529.0,6102.0
145,5693.0,2335.0,4947.0,11592.0,2157.0,4282.0,7098.0,2678.0,5321.0,4623.0
146,0.0,0.0,0.0,0.0,0.0,0.0,0.0,0.0,0.0,0.0
147,5422.0,6959.0,10025.0,13444.0,0.0,7155.0,12730.0,7562.0,7387.0,6538.0
148,5220.0,6280.0,8935.0,10584.0,3374.0,7563.0,10746.0,7059.0,5728.0,5906.0
149,5012.0,6682.0,7714.0,9537.0,5349.0,7138.0,8210.0,5549.0,5090.0,5440.0
150,4881.0,4776.0,8051.0,8695.0,5235.0,6780.0,8535.0,6312.0,4997.0,5958.0
151,4315.0,5237.0,8351.0,9561.0,5056.0,7755.0,9231.0,5273.0,6058.0,6488.0
152,4262.0,2246.0,4002.0,8419.0,2163.0,4357.0,6334.0,2791.0,5366.0,4943.0
153,0.0,0.0,0.0,0.0,0.0,0.0,0.0,0.0,0.0,0.0
154,4291.0,3786.0,5881.0,8917.0,4745.0,6669.0,8153.0,4942.0,5330.0,5472.0
155,3784.0,4233.0,5592.0,7557.0,4368.0,6184.0,7972.0,4875.0,4559.0,4739.0
156,3563.0,4638.0,5520.0,7179.0,4230.0,6109.0,6847.0,4295.0,4308.0,4369.0
157,3661.0,3763.0,5499.0,7680.0,4066.0,5472.0,7498.0,4608.0,4880.0,4652.0
158,4150.0,4437.0,6440.0,8291.0,4487.0,6440.0,8240.0,3828.0,4919.0,5055.0
159,4766.0,2724.0,4330.0,9774.0,1970.0,3951.0,6090.0,2653.0,5094.0,4765.0
160,0.0,0.0,0.0,0.0,0.0,0.0,0.0,0.0,0.0,0.0
161,5337.0,7259.0,10328.0,13108.0,8126.0,7995.0,12592.0,8248.0,7704.0,7854.0
162,4633.0,5309.0,9065.0,9796.0,5853.0,7317.0,10651.0,7131.0,6040.0,7078.0
163,4180.0,5708.0,7745.0,9357.0,5594.0,6975.0,9036.0,5355.0,5116.0,5697.0
164,5011.0,4683.0,6633.0,9545.0,5315.0,6298.0,8683.0,6645.0,5400.0,5286.0
165,5173.0,5333.0,8739.0,9438.0,6029.0,7285.0,9302.0,5986.0,5515.0,5687.0
166,4341.0,2566.0,4199.0,8773.0,2250.0,4501.0,5582.0,2326.0,4731.0,4795.0
167,0.0,0.0,0.0,0.0,0.0,0.0,0.0,0.0,0.0,0.0
168,3549.0,4388.0,6538.0,9187.0,4517.0,6394.0,8499.0,4572.0,5291.0,5905.0
169,4536.0,3921.0,5414.0,8429.0,3476.0,4942.0,8285.0,4090.0,5078.0,4946.0
170,3827.0,4869.0,5461.0,8218.0,4511.0,5938.0,7585.0,3794.0,4255.0,4923.0
171,3593.0,4791.0,6546.0,8181.0,4646.0,5988.0,7481.0,4961.0,4983.0,4791.0
172,4407.0,5261.0,8280.0,9674.0,5303.0,7437.0,10324.0,4293.0,5358.0,5814.0
173,5804.0,3687.0,6227.0,10291.0,2460.0,4460.0,6067.0,2468.0,6041.0,4610.0
174,0.0,0.0,0.0,0.0,0.0,0.0,0.0,0.0,0.0,0.0
175,5614.0,6336.0,9469.0,13203.0,9047.0,9914.0,15123.0,7771.0,7929.0,7138.0
176,5868.0,5862.0,9158.0,9650.0,6652.0,7909.0,12421.0,6558.0,6950.0,5828.0
177,5875.0,6527.0,9924.0,9089.0,7100.0,7496.0,9851.0,5081.0,6141.0,5636.0
178,5701.0,5820.0,8932.0,8899.0,6473.0,6871.0,9256.0,6368.0,5678.0,5798.0
179,4986.0,5288.0,9257.0,8419.0,7054.0,6723.0,10005.0,4959.0,6015.0,5663.0
180,4090.0,4504.0,4882.0,7924.0,1957.0,3912.0,5608.0,2612.0,4996.0,4349.0
181,0.0,0.0,0.0,0.0,0.0,0.0,0.0,0.0,0.0,0.0
182,4475.0,4460.0,6103.0,7976.0,4896.0,7090.0,8490.0,3960.0,5226.0,5792.0
183,4047.0,4600.0,6097.0,6554.0,4758.0,5749.0,9463.0,4513.0,4720.0,4503.0
184,3963.0,5244.0,6691.0,6519.0,5038.0,5765.0,8982.0,3668.0,4495.0,4305.0
185,4053.0,4772.0,6035.0,6653.0,4935.0,5796.0,8140.0,4399.0,5185.0,4161.0
186,4134.0,4605.0,5769.0,7137.0,4885.0,6575.0,8921.0,3881.0,5114.0,4595.0
187,4015.0,2838.0,4056.0,7531.0,2451.0,4178.0,5896.0,2335.0,4944.0,4090.0
188,0.0,0.0,0.0,0.0,0.0,0.0,0.0,0.0,0.0,0.0
189,6377.0,8528.0,12179.0,11658.0,9299.0,8493.0,14636.0,7751.0,9208.0,7179.0
190,5643.0,6670.0,11756.0,9349.0,6027.0,7554.0,11993.0,6908.0,8576.0,6093.0
191,4946.0,6219.0,9886.0,8611.0,7126.0,6913.0,10133.0,5267.0,7542.0,5200.0
192,4904.0,5907.0,9098.0,8088.0,6316.0,6576.0,10171.0,5928.0,7334.0,5048.0
193,4275.0,4885.0,9174.0,8236.0,6197.0,7280.0,11476.0,5194.0,7820.0,6122.0
194,4421.0,2670.0,4392.0,7589.0,2231.0,3817.0,5608.0,1949.0,6220.0,3957.0
195,0.0,0.0,0.0,0.0,0.0,0.0,0.0,0.0,0.0,0.0
196,4149.0,3658.0,5152.0,7070.0,4704.0,6092.0,8915.0,3989.0,5150.0,4553.0
197,3937.0,3726.0,5723.0,5869.0,4533.0,5706.0,9214.0,3462.0,5113.0,4482.0
198,3849.0,4282.0,5430.0,6350.0,4865.0,5702.0,9275.0,3689.0,4845.0,4160.0
199,3502.0,3531.0,5936.0,6893.0,4616.0,5203.0,9584.0,3986.0,5010.0,4238.0
200,4221.0,3441.0,5283.0,6436.0,4432.0,5370.0,8572.0,3011.0,5007.0,4264.0
201,3352.0,2059.0,3845.0,7118.0,2321.0,3365.0,6469.0,2257.0,4153.0,3927.0
202,0.0,0.0,0.0,0.0,0.0,0.0,0.0,0.0,0.0,0.0
203,6290.0,7249.0,10853.0,11092.0,8701.0,7860.0,17567.0,8276.0,8148.0,7368.0
204,5773.0,6802.0,10451.0,10780.0,7217.0,7285.0,15356.0,6882.0,6403.0,6378.0
205,5572.0,8295.0,10895.0,13403.0,8061.0,8941.0,15155.0,7197.0,6564.0,5915.0
206,4994.0,5640.0,8738.0,10622.0,6373.0,7614.0,12681.0,7286.0,6323.0,5861.0
207,4494.0,4776.0,7610.0,10075.0,4907.0,7097.0,10085.0,4905.0,5790.0,5052.0
208,4461.0,2641.0,4546.0,8898.0,1778.0,3869.0,7819.0,2372.0,4893.0,3805.0
209,0.0,0.0,0.0,0.0,0.0,0.0,0.0,0.0,0.0,0.0
210,4086.0,4066.0,5991.0,9408.0,4816.0,6104.0,12365.0,4805.0,5455.0,5504.0
211,3582.0,3434.0,6166.0,7559.0,4649.0,5376.0,11208.0,4090.0,4922.0,5008.0
212,4143.0,4467.0,5982.0,7156.0,5198.0,5704.0,10138.0,4158.0,4709.0,5064.0
213,3680.0,3949.0,5916.0,7481.0,3869.0,5490.0,9339.0,4648.0,4664.0,4719.0
214,3257.0,3551.0,5991.0,7842.0,3932.0,5659.0,9198.0,3901.0,5206.0,4829.0
215,3768.0,2624.0,3883.0,9149.0,2005.0,3693.0,5763.0,2378.0,4838.0,4648.0
216,0.0,0.0,0.0,0.0,0.0,0.0,0.0,0.0,0.0,0.0
217,5326.0,6518.0,10962.0,11913.0,7706.0,7464.0,14766.0,8337.0,9376.0,8062.0
218,5299.0,6154.0,10004.0,10673.0,6858.0,6352.0,12269.0,7033.0,5957.0,6781.0
219,4724.0,7229.0,8452.0,10063.0,6352.0,7249.0,10364.0,6040.0,5910.0,5972.0
220,4575.0,5186.0,8369.0,8712.0,5030.0,6217.0,9477.0,6922.0,5633.0,5212.0
221,4552.0,4895.0,7585.0,9338.0,5113.0,6380.0,10781.0,4651.0,5274.0,5604.0
222,4078.0,2731.0,3242.0,8244.0,1676.0,3491.0,6629.0,1725.0,4416.0,4703.0
223,0.0,0.0,0.0,0.0,0.0,0.0,0.0,0.0,0.0,0.0
224,3954.0,3747.0,4369.0,8709.0,4225.0,5933.0,8806.0,4048.0,4838.0,4556.0
225,3492.0,3894.0,5290.0,6887.0,3825.0,5391.0,8685.0,4103.0,4939.0,4433.0
226,3096.0,4399.0,5070.0,6617.0,4434.0,5685.0,7191.0,3740.0,4177.0,4709.0
227,3703.0,3998.0,5225.0,6866.0,3534.0,5365.0,6934.0,4272.0,5039.0,4359.0
228,3493.0,3652.0,4692.0,6562.0,3879.0,5853.0,7895.0,4104.0,4566.0,4592.0
229,4752.0,2546.0,3525.0,8107.0,1832.0,3638.0,5628.0,1890.0,4092.0,5032.0
230,0.0,0.0,0.0,0.0,0.0,0.0,0.0,0.0,0.0,0.0
231,5482.0,7453.0,9613.0,10157.0,7457.0,7736.0,11911.0,8021.0,8848.0,6588.0
232,5156.0,6529.0,8893.0,8147.0,6045.0,7031.0,10861.0,6986.0,6421.0,6350.0
233,4583.0,6474.0,8266.0,8351.0,5919.0,6443.0,9762.0,6032.0,5485.0,5791.0
234,4804.0,5527.0,7384.0,8283.0,5720.0,6362.0,9889.0,6844.0,6679.0,5578.0
235,5469.0,6280.0,8954.0,11704.0,6413.0,8711.0,11809.0,6390.0,6553.0,6448.0
236,5317.0,2803.0,3584.0,10740.0,2424.0,3929.0,6113.0,2942.0,5644.0,4717.0
237,0.0,0.0,0.0,0.0,0.0,0.0,0.0,0.0,0.0,0.0
238,4195.0,4305.0,5625.0,9030.0,4598.0,6533.0,7650.0,3931.0,6509.0,4674.0
239,3928.0,4199.0,5847.0,7646.0,4314.0,5940.0,8707.0,4698.0,4986.0,4968.0
240,3343.0,4709.0,6116.0,8203.0,3996.0,6322.0,7850.0,4359.0,5472.0,4160.0
241,3883.0,3784.0,4921.0,6803.0,3830.0,5564.0,7398.0,4907.0,4588.0,4717.0
242,3836.0,3793.0,4750.0,6979.0,4242.0,6108.0,7753.0,3586.0,5272.0,4582.0
243,4663.0,2540.0,3661.0,8461.0,1893.0,3465.0,5166.0,2323.0,5352.0,4467.0
244,0.0,0.0,0.0,0.0,0.0,0.0,0.0,0.0,0.0,0.0
245,5893.0,7005.0,11058.0,11987.0,7378.0,8207.0,10694.0,7467.0,9247.0,7486.0
246,5403.0,6578.0,8361.0,10610.0,6222.0,7267.0,11072.0,7007.0,6218.0,5937.0
247,5103.0,6537.0,8568.0,9365.0,5958.0,7434.0,8808.0,5863.0,6617.0,4936.0
248,5079.0,5558.0,8774.0,10257.0,5298.0,6728.0,9066.0,6614.0,5867.0,5681.0
249,5187.0,4954.0,8610.0,10197.0,5274.0,7310.0,9977.0,5226.0,6550.0,5518.0
250,4663.0,2841.0,3537.0,9177.0,2001.0,3408.0,5383.0,2382.0,4735.0,4262.0
251,0.0,0.0,0.0,0.0,0.0,0.0,0.0,0.0,0.0,0.0
252,4249.0,3837.0,5391.0,7911.0,3940.0,5625.0,7562.0,4001.0,5165.0,5405.0
253,3685.0,3823.0,5517.0,7248.0,3846.0,5448.0,7767.0,4473.0,4830.0,4394.0
254,3946.0,4574.0,5378.0,6701.0,3753.0,5013.0,6845.0,3545.0,4693.0,4544.0
255,3717.0,3840.0,5120.0,7017.0,3457.0,5521.0,6859.0,4278.0,4677.0,4205.0
256,3516.0,3949.0,5426.0,7047.0,4024.0,5424.0,7630.0,3628.0,4859.0,4708.0
257,3909.0,2651.0,3554.0,8631.0,1725.0,3601.0,4729.0,2023.0,4782.0,4137.0
258,0.0,0.0,0.0,0.0,0.0,0.0,0.0,0.0,0.0,0.0
259,4770.0,6802.0,9002.0,9908.0,7486.0,8462.0,9480.0,7534.0,7903.0,7333.0
260,4274.0,6387.0,8376.0,8701.0,5489.0,7593.0,10012.0,6431.0,5854.0,5854.0
261,4212.0,6708.0,7475.0,9053.0,5371.0,6689.0,8023.0,5200.0,5199.0,5359.0
262,4481.0,5795.0,7003.0,8447.0,4566.0,5579.0,8371.0,6475.0,5216.0,5083.0
263,4669.0,4874.0,8387.0,9621.0,5139.0,7168.0,9740.0,4989.0,5650.0,5088.0
264,4175.0,3428.0,3845.0,9274.0,2171.0,3605.0,5818.0,2604.0,5174.0,4681.0
265,0.0,0.0,0.0,0.0,0.0,0.0,0.0,0.0,0.0,0.0
266,4088.0,5610.0,8988.0,11276.0,4367.0,7368.0,9018.0,5396.0,6511.0,5515.0
267,4178.0,3830.0,5903.0,9255.0,4686.0,6953.0,9316.0,4857.0,5891.0,5542.0
268,4001.0,5238.0,6045.0,10077.0,5118.0,7239.0,8004.0,4771.0,6187.0,5743.0
269,0.0,2656.0,0.0,0.0,0.0,0.0,3020.0,0.0,0.0,0.0
270,5447.0,4671.0,8093.0,10204.0,5108.0,7090.0,9332.0,4802.0,6924.0,6017.0
271,5352.0,2688.0,4802.0,8938.0,2041.0,4016.0,5807.0,2862.0,5238.0,4833.0
272,0.0,0.0,0.0,0.0,0.0,0.0,0.0,0.0,0.0,0.0
273,6004.0,7368.0,10779.0,12159.0,8319.0,9003.0,12712.0,8217.0,9089.0,7173.0
274,5452.0,6282.0,9269.0,9872.0,5697.0,7720.0,10319.0,6621.0,7291.0,5908.0
275,4957.0,7006.0,8250.0,8963.0,6063.0,7411.0,7977.0,5218.0,6123.0,4946.0
276,5286.0,4972.0,8711.0,9118.0,4985.0,6387.0,8835.0,6000.0,5610.0,5067.0
277,5896.0,4923.0,7076.0,10062.0,5421.0,7332.0,8831.0,5018.0,5723.0,4936.0
278,4954.0,2914.0,4076.0,9716.0,1963.0,4319.0,4345.0,2153.0,5946.0,3644.0
279,0.0,0.0,0.0,0.0,0.0,0.0,0.0,0.0,0.0,0.0
280,3773.0,4528.0,5982.0,7237.0,4199.0,6100.0,7861.0,5157.0,5433.0,4809.0
281,3355.0,3584.0,5598.0,7001.0,3450.0,6328.0,6355.0,3851.0,4459.0,4252.0
282,3383.0,5035.0,5563.0,6657.0,4415.0,5991.0,6774.0,3511.0,5548.0,3481.0
283,3223.0,3986.0,5261.0,6259.0,3721.0,5722.0,5568.0,3915.0,4357.0,4148.0
284,3566.0,4095.0,5684.0,6592.0,3867.0,5646.0,7870.0,3820.0,5020.0,4294.0
285,3667.0,2441.0,3568.0,9356.0,1938.0,3411.0,4686.0,2742.0,4992.0,4313.0
286,0.0,0.0,0.0,0.0,0.0,0.0,0.0,0.0,0.0,0.0
287,5055.0,6538.0,9712.0,10284.0,7690.0,8085.0,11300.0,7723.0,8308.0,7099.0
288,4068.0,5450.0,8058.0,8418.0,5174.0,6422.0,10298.0,6778.0,5780.0,6067.0
289,4612.0,5896.0,7839.0,7966.0,6517.0,6275.0,7828.0,5349.0,5363.0,5570.0
290,4044.0,5015.0,7163.0,7618.0,5049.0,5975.0,8238.0,6093.0,5719.0,5789.0
291,4573.0,4524.0,6614.0,8808.0,5347.0,6390.0,8430.0,4970.0,5281.0,5592.0
292,4347.0,2517.0,2936.0,9088.0,1700.0,3155.0,4773.0,2284.0,5093.0,4450.0
293,0.0,0.0,0.0,0.0,0.0,0.0,0.0,0.0,0.0,0.0
294,3557.0,3859.0,4025.0,7645.0,3578.0,5496.0,5971.0,3893.0,5441.0,4790.0
295,3737.0,4074.0,4838.0,6719.0,3909.0,5396.0,6875.0,4284.0,4654.0,4612.0
296,4119.0,6272.0,5900.0,7800.0,5850.0,7765.0,7816.0,4695.0,4801.0,4877.0
297,4035.0,0.0,6532.0,9091.0,0.0,0.0,8646.0,5995.0,6239.0,5093.0
298,5471.0,5507.0,0.0,8792.0,5076.0,7299.0,8652.0,4724.0,0.0,5410.0
299,5233.0,2688.0,6359.0,10519.0,2190.0,4420.0,6251.0,2937.0,6643.0,5015.0
300,0.0,0.0,0.0,0.0,0.0,0.0,0.0,0.0,0.0,0.0
301,5861.0,7930.0,9119.0,10203.0,7030.0,10075.0,9665.0,7156.0,8701.0,6389.0
302,5348.0,6368.0,10275.0,9616.0,6228.0,8141.0,12011.0,7629.0,7619.0,6824.0
303,5572.0,6941.0,8378.0,9236.0,6200.0,7451.0,9340.0,5816.0,6075.0,5708.0
304,5009.0,5570.0,7662.0,8572.0,4987.0,8047.0,8461.0,6685.0,5415.0,5652.0
305,5242.0,5441.0,7958.0,9997.0,4725.0,6908.0,9374.0,5547.0,6853.0,5925.0
306,4681.0,3145.0,4305.0,10373.0,1974.0,4284.0,4664.0,2474.0,6122.0,4557.0
307,0.0,0.0,0.0,0.0,0.0,0.0,0.0,0.0,0.0,0.0
308,4014.0,4017.0,5084.0,8241.0,3866.0,6546.0,7930.0,4507.0,5273.0,5022.0
309,4017.0,4116.0,5267.0,7179.0,3920.0,5977.0,6477.0,4276.0,4361.0,4209.0
310,3310.0,4980.0,5530.0,7263.0,4319.0,5775.0,7529.0,4248.0,4870.0,4601.0
311,3795.0,4388.0,5240.0,6856.0,4086.0,5595.0,6974.0,5046.0,5065.0,4569.0
312,4016.0,4042.0,5919.0,7627.0,4613.0,6425.0,7373.0,4319.0,5074.0,5010.0
313,5071.0,2829.0,3893.0,10157.0,1925.0,4294.0,5693.0,2523.0,5304.0,5092.0
314,0.0,0.0,0.0,0.0,0.0,0.0,0.0,0.0,0.0,0.0
315,5927.0,7435.0,9719.0,11331.0,8022.0,8478.0,11140.0,7831.0,8200.0,7573.0
316,5143.0,6016.0,8865.0,9133.0,7632.0,9154.0,10974.0,6779.0,6914.0,6130.0
317,4936.0,6390.0,8573.0,9280.0,0.0,0.0,8531.0,6195.0,6310.0,5630.0
318,4623.0,5397.0,7630.0,9256.0,6641.0,8754.0,8852.0,6341.0,5834.0,5514.0
319,5058.0,4474.0,7697.0,9071.0,6198.0,8195.0,9642.0,4925.0,5949.0,5675.0
320,5297.0,2965.0,4109.0,9394.0,2075.0,4432.0,5610.0,3077.0,5507.0,4489.0
321,0.0,0.0,0.0,0.0,0.0,0.0,0.0,0.0,0.0,0.0
322,4600.0,4669.0,5968.0,8569.0,4597.0,7101.0,9950.0,5028.0,5004.0,5735.0
323,4201.0,4303.0,5880.0,7805.0,4597.0,6186.0,8696.0,4714.0,5053.0,5033.0
324,4561.0,5498.0,5942.0,7809.0,5128.0,6467.0,6783.0,4533.0,4971.0,5496.0
325,4614.0,5149.0,6096.0,7875.0,4676.0,6728.0,8860.0,5797.0,6264.0,5422.0
326,5623.0,5027.0,7152.0,11390.0,6158.0,8364.0,10301.0,5032.0,5741.0,5948.0
327,6373.0,3343.0,6960.0,13394.0,2704.0,5335.0,8442.0,4069.0,8052.0,6766.0
328,0.0,0.0,0.0,0.0,0.0,0.0,0.0,0.0,0.0,0.0
329,6943.0,8836.0,12144.0,14106.0,9761.0,10992.0,15705.0,9550.0,8623.0,8101.0
330,6293.0,8137.0,10485.0,12080.0,7663.0,9182.0,12132.0,8255.0,7711.0,7223.0
331,5688.0,8202.0,9624.0,10379.0,7284.0,8531.0,11853.0,6884.0,6470.0,5291.0
332,5691.0,7163.0,7872.0,12178.0,7765.0,9665.0,9398.0,7335.0,6715.0,6293.0
333,6112.0,4816.0,8300.0,10597.0,5011.0,7941.0,7938.0,5501.0,6466.0,5937.0
334,5799.0,2534.0,7151.0,10544.0,2228.0,4437.0,6733.0,3881.0,7046.0,4966.0
335,0.0,0.0,0.0,0.0,0.0,0.0,0.0,0.0,0.0,0.0
336,4462.0,4392.0,5478.0,8907.0,3879.0,6090.0,10010.0,5099.0,6350.0,5036.0
337,4228.0,4994.0,6595.0,8150.0,4973.0,7418.0,9551.0,5388.0,5725.0,5908.0
338,4301.0,6052.0,7577.0,8480.0,5517.0,6498.0,8632.0,4912.0,5635.0,5002.0
339,4074.0,5232.0,6921.0,8463.0,5048.0,6717.0,8491.0,5784.0,5296.0,5663.0
340,4703.0,4808.0,7146.0,8689.0,5021.0,7312.0,8140.0,4975.0,5633.0,6023.0
341,6119.0,3236.0,6688.0,12110.0,2014.0,5885.0,7511.0,3346.0,6208.0,5689.0
342,0.0,0.0,0.0,0.0,0.0,0.0,0.0,0.0,0.0,0.0
343,8277.0,10479.0,14647.0,16843.0,11692.0,11139.0,18413.0,10322.0,11444.0,9123.0
344,7356.0,10374.0,14555.0,14471.0,9413.0,9041.0,14900.0,9375.0,9620.0,8109.0
345,7821.0,10019.0,12564.0,13440.0,9315.0,7958.0,12917.0,8575.0,8672.0,7893.0
346,6788.0,8559.0,10463.0,13259.0,8331.0,8291.0,12051.0,7867.0,8222.0,7536.0
347,8414.0,7574.0,12352.0,14757.0,8129.0,8857.0,14451.0,8010.0,9849.0,8268.0
348,8043.0,4941.0,8215.0,14207.0,3995.0,5524.0,8942.0,4307.0,9456.0,7007.0
349,0.0,0.0,0.0,0.0,0.0,0.0,0.0,0.0,0.0,0.0
350,9528.0,8640.0,14461.0,16941.0,10877.0,9914.0,16186.0,8753.0,11032.0,9534.0
351,3204.0,2407.0,4460.0,6786.0,3091.0,3449.0,5003.0,3311.0,3932.0,3915.0
352,0.0,0.0,0.0,0.0,0.0,0.0,0.0,0.0,0.0,0.0
353,0.0,0.0,0.0,0.0,0.0,0.0,0.0,0.0,0.0,0.0
354,6110.0,5582.0,8158.0,11159.0,5516.0,4915.0,9408.0,4777.0,6141.0,5094.0
355,5659.0,3561.0,3927.0,10954.0,2303.0,3717.0,6003.0,2481.0,5981.0,4762.0
356,0.0,0.0,0.0,0.0,0.0,0.0,0.0,0.0,0.0,0.0
357,7193.0,7528.0,10503.0,17412.0,6681.0,6980.0,11852.0,5735.0,8034.0,7525.0
358,2362.0,2148.0,4081.0,9813.0,2009.0,2739.0,5708.0,2694.0,4302.0,4062.0
359,0.0,0.0,0.0,0.0,0.0,0.0,0.0,0.0,0.0,0.0
360,4969.0,3759.0,5703.0,9525.0,4077.0,4778.0,8634.0,5177.0,5585.0,4533.0
361,4190.0,4802.0,6821.0,9299.0,4414.0,4842.0,8389.0,4095.0,6054.0,5012.0
362,5173.0,2760.0,4727.0,10569.0,1711.0,3031.0,6103.0,2368.0,6695.0,4928.0
363,0.0,0.0,0.0,0.0,0.0,0.0,0.0,0.0,0.0,0.0
364,6194.0,8317.0,11326.0,13086.0,8310.0,7703.0,12065.0,8611.0,9920.0,8325.0
365,5539.0,6567.0,11215.0,10338.0,6280.0,6196.0,11096.0,6468.0,7671.0,6470.0
366,4931.0,6597.0,8242.0,9271.0,5966.0,5894.0,7957.0,5677.0,6620.0,5650.0
367,4396.0,6081.0,7081.0,9489.0,4753.0,5018.0,8171.0,6011.0,5415.0,5109.0
368,4486.0,5146.0,9242.0,9154.0,5008.0,6125.0,8530.0,5481.0,6710.0,5939.0
369,4454.0,2872.0,4397.0,9203.0,2035.0,2964.0,4971.0,2563.0,5903.0,4504.0
370,0.0,0.0,0.0,0.0,0.0,0.0,0.0,0.0,0.0,0.0
371,3994.0,4290.0,5420.0,7838.0,3652.0,4574.0,7353.0,4129.0,6004.0,5164.0
372,3621.0,4195.0,4934.0,7465.0,3473.0,3820.0,7525.0,3929.0,5218.0,4612.0
373,3776.0,4919.0,5163.0,6571.0,3837.0,4008.0,6360.0,3594.0,4830.0,3959.0
374,3632.0,3998.0,5395.0,6927.0,3411.0,4220.0,5681.0,4352.0,4868.0,4279.0
375,3803.0,3868.0,5115.0,7654.0,4169.0,4563.0,7980.0,3984.0,5936.0,4634.0
376,5128.0,2497.0,4232.0,9451.0,1940.0,3141.0,4786.0,2089.0,6118.0,4788.0
377,0.0,0.0,0.0,0.0,0.0,0.0,0.0,0.0,0.0,0.0
378,6148.0,7082.0,10251.0,10734.0,7716.0,6655.0,11706.0,8293.0,10173.0,7962.0
379,5151.0,6564.0,9246.0,9456.0,5371.0,5838.0,9105.0,6390.0,7391.0,6444.0
380,4562.0,5451.0,9642.0,8898.0,5042.0,5416.0,8118.0,5726.0,6256.0,5560.0
381,4597.0,5010.0,7857.0,9580.0,4647.0,4755.0,8137.0,6666.0,5800.0,5593.0
382,5098.0,4701.0,6981.0,9154.0,4752.0,5716.0,8387.0,4992.0,6769.0,5474.0
383,4546.0,2274.0,3416.0,9756.0,1662.0,2721.0,4817.0,2424.0,6031.0,4702.0
384,0.0,0.0,0.0,0.0,0.0,0.0,0.0,0.0,0.0,0.0
385,3601.0,3708.0,4602.0,7800.0,3412.0,4048.0,6153.0,4360.0,5095.0,4543.0
386,3581.0,3677.0,4816.0,7268.0,3508.0,4094.0,6728.0,4137.0,4651.0,4415.0
387,3789.0,4292.0,4887.0,7996.0,4409.0,4178.0,5954.0,3977.0,4571.0,4330.0
388,4549.0,4214.0,5219.0,7860.0,3802.0,4398.0,6498.0,5550.0,4651.0,4752.0
389,4906.0,4608.0,8097.0,10468.0,4982.0,5055.0,9454.0,4380.0,6715.0,5807.0
390,5292.0,2929.0,4968.0,12028.0,2138.0,3316.0,6762.0,2845.0,6584.0,4453.0
391,0.0,0.0,0.0,0.0,0.0,0.0,0.0,0.0,0.0,0.0
392,5839.0,7372.0,11861.0,13634.0,8696.0,7748.0,14237.0,8864.0,10646.0,8758.0
393,5540.0,7036.0,10084.0,10795.0,6979.0,6322.0,11358.0,7493.0,8236.0,6471.0
394,5031.0,7198.0,8124.0,10046.0,6486.0,6017.0,8998.0,6595.0,7514.0,5062.0
395,4823.0,6012.0,7920.0,9589.0,5266.0,5168.0,8461.0,6649.0,7008.0,6034.0
396,5596.0,4848.0,7198.0,9571.0,5492.0,5896.0,8305.0,5145.0,6345.0,4686.0
397,4726.0,2484.0,4369.0,9842.0,1910.0,3496.0,5425.0,2804.0,5729.0,4802.0
398,0.0,0.0,0.0,0.0,0.0,0.0,0.0,0.0,0.0,0.0
399,3591.0,4006.0,5396.0,9075.0,4108.0,4371.0,7601.0,4777.0,5904.0,4809.0
400,3461.0,4056.0,4877.0,7483.0,3649.0,4535.0,7386.0,4514.0,5051.0,5372.0
401,3662.0,4848.0,5675.0,8244.0,4475.0,4605.0,6626.0,4076.0,5070.0,4723.0
402,3638.0,4171.0,5132.0,7765.0,3823.0,4564.0,7203.0,5555.0,5345.0,4406.0
403,4647.0,4324.0,6213.0,8877.0,4431.0,4938.0,7808.0,4423.0,5567.0,4992.0
404,5258.0,2509.0,3793.0,9171.0,2165.0,3054.0,4985.0,2751.0,5972.0,4397.0
405,0.0,0.0,0.0,0.0,0.0,0.0,0.0,0.0,0.0,0.0
406,5393.0,7584.0,10020.0,11297.0,7170.0,7218.0,12728.0,8750.0,10145.0,8294.0
407,4602.0,5979.0,8382.0,9676.0,5368.0,5867.0,10408.0,7008.0,7663.0,6128.0
408,4935.0,6419.0,8156.0,9010.0,5307.0,5552.0,7834.0,5299.0,6526.0,5561.0
409,4563.0,4961.0,6798.0,9452.0,5365.0,5352.0,7758.0,6580.0,6259.0,5060.0
410,4727.0,4790.0,7511.0,9193.0,4389.0,5097.0,8676.0,5064.0,6381.0,5756.0
411,4820.0,2563.0,4082.0,10047.0,1975.0,2963.0,5192.0,2838.0,6734.0,4129.0
412,0.0,0.0,0.0,0.0,0.0,0.0,0.0,0.0,0.0,0.0
413,3826.0,3894.0,5141.0,7782.0,3558.0,4557.0,7311.0,4448.0,5880.0,5319.0
414,3499.0,3520.0,4858.0,6812.0,3407.0,4152.0,6168.0,3831.0,4904.0,5035.0
415,4108.0,4548.0,4580.0,6987.0,3568.0,4111.0,5812.0,3719.0,5627.0,4253.0
416,3826.0,3998.0,5324.0,7723.0,3176.0,4045.0,7079.0,5122.0,5727.0,4773.0
417,5031.0,4400.0,6792.0,10849.0,4602.0,5235.0,9221.0,4403.0,6249.0,5721.0
418,5307.0,3350.0,4718.0,11248.0,2170.0,3492.0,6369.0,3557.0,6913.0,5235.0
419,0.0,0.0,0.0,0.0,0.0,0.0,0.0,0.0,0.0,0.0
420,6198.0,7332.0,11091.0,13685.0,7607.0,8942.0,12998.0,9385.0,9434.0,7761.0
421,5397.0,6006.0,9520.0,11220.0,5423.0,6309.0,10595.0,7519.0,8175.0,6000.0
422,4916.0,6740.0,8867.0,9039.0,6208.0,6301.0,9010.0,6329.0,7671.0,5975.0
423,4585.0,5173.0,8140.0,9072.0,4805.0,5653.0,8225.0,6717.0,6828.0,6129.0
424,5340.0,5275.0,8321.0,9986.0,4804.0,5948.0,9385.0,5634.0,6708.0,5572.0
425,4400.0,2863.0,3407.0,9296.0,1991.0,3219.0,5738.0,2806.0,5405.0,4759.0
426,0.0,0.0,0.0,0.0,0.0,0.0,0.0,0.0,0.0,0.0
427,3573.0,3799.0,4928.0,7809.0,3629.0,4506.0,7259.0,4311.0,6280.0,5560.0
428,3588.0,3575.0,5412.0,7021.0,3643.0,4224.0,6997.0,4386.0,5506.0,4923.0
429,3805.0,4581.0,4951.0,7318.0,4031.0,4806.0,5856.0,4191.0,4881.0,4883.0
430,3224.0,4172.0,4918.0,6987.0,3728.0,4291.0,6373.0,4921.0,5441.0,4865.0
431,3883.0,3321.0,6245.0,7336.0,3982.0,4669.0,7964.0,3929.0,5987.0,5061.0
432,5042.0,2678.0,4255.0,10009.0,1895.0,3274.0,4641.0,2519.0,6799.0,4564.0
433,0.0,0.0,0.0,0.0,0.0,0.0,0.0,0.0,0.0,0.0
434,5563.0,7054.0,9154.0,11669.0,7702.0,7302.0,11479.0,7658.0,9167.0,6613.0
435,5200.0,5805.0,9011.0,9920.0,5682.0,6933.0,9392.0,6688.0,7380.0,5791.0
436,4036.0,6275.0,8417.0,8672.0,5031.0,5357.0,7762.0,5517.0,6400.0,5882.0
437,4023.0,4950.0,7390.0,8074.0,4478.0,4773.0,7386.0,5616.0,5894.0,4452.0
438,4510.0,4993.0,6765.0,9292.0,4550.0,5517.0,7297.0,4308.0,6227.0,5045.0
439,5241.0,2569.0,4389.0,9676.0,1740.0,2976.0,5644.0,2701.0,5776.0,4695.0
440,0.0,0.0,0.0,0.0,0.0,0.0,0.0,0.0,0.0,0.0
441,3850.0,3893.0,5248.0,7992.0,3378.0,4353.0,7098.0,4550.0,5253.0,4887.0
442,3136.0,4086.0,5207.0,7277.0,3535.0,4311.0,7088.0,4490.0,4840.0,4394.0
443,3225.0,5059.0,5158.0,7095.0,3622.0,4463.0,6266.0,4172.0,4459.0,4416.0
444,3847.0,4350.0,4969.0,7006.0,3488.0,3907.0,6763.0,5091.0,4744.0,4814.0
445,3987.0,4409.0,6194.0,7696.0,3575.0,4891.0,7886.0,4502.0,5392.0,4711.0
446,4583.0,2815.0,4200.0,8880.0,1747.0,2968.0,5693.0,2866.0,5302.0,4847.0
447,0.0,0.0,0.0,0.0,0.0,0.0,0.0,0.0,0.0,0.0
448,6008.0,9908.0,13588.0,14638.0,7135.0,8488.0,13165.0,8934.0,9405.0,8438.0
449,5407.0,4862.0,6800.0,11772.0,6100.0,7387.0,11435.0,8406.0,7152.0,7048.0
450,4834.0,7013.0,7481.0,9585.0,6260.0,6685.0,9083.0,6452.0,6851.0,6449.0
451,4556.0,5078.0,7477.0,9189.0,4853.0,5790.0,9195.0,6697.0,6139.0,5898.0
452,4738.0,5016.0,7562.0,9411.0,5251.0,5834.0,9611.0,4978.0,7112.0,5932.0
453,4599.0,2655.0,3904.0,9423.0,1911.0,3335.0,4586.0,2677.0,5996.0,4778.0
454,0.0,0.0,0.0,0.0,0.0,0.0,0.0,0.0,0.0,0.0
455,3751.0,3941.0,5121.0,7733.0,4014.0,4749.0,7377.0,4816.0,6753.0,4828.0
456,3990.0,4475.0,5218.0,7074.0,3823.0,4754.0,7048.0,4506.0,5137.0,4525.0
457,3919.0,5142.0,5389.0,7890.0,4013.0,4196.0,6923.0,4406.0,5492.0,4152.0
458,3948.0,3691.0,5683.0,7714.0,3526.0,4077.0,7443.0,5381.0,5367.0,4584.0
459,3733.0,4701.0,6169.0,7682.0,3623.0,4889.0,7861.0,4194.0,5426.0,4456.0
460,4435.0,2574.0,3795.0,9200.0,1423.0,3350.0,6407.0,2833.0,5998.0,4540.0
461,0.0,0.0,0.0,0.0,0.0,0.0,0.0,0.0,0.0,0.0
462,6803.0,7714.0,10103.0,12391.0,7980.0,8204.0,13875.0,8189.0,9731.0,6419.0
463,6196.0,7701.0,10021.0,11191.0,7439.0,7890.0,14230.0,8942.0,8318.0,6087.0
464,6381.0,7317.0,9311.0,11237.0,7722.0,7317.0,10740.0,6931.0,7135.0,5629.0
465,6160.0,6647.0,8309.0,13084.0,6690.0,7618.0,12195.0,7662.0,7819.0,6250.0
466,0.0,0.0,0.0,0.0,0.0,0.0,0.0,0.0,0.0,0.0
467,5871.0,4146.0,5794.0,10613.0,3153.0,4415.0,11203.0,3144.0,6885.0,6187.0
468,0.0,0.0,0.0,0.0,0.0,0.0,0.0,0.0,0.0,0.0
469,0.0,0.0,0.0,0.0,0.0,0.0,0.0,0.0,0.0,0.0
470,4133.0,4419.0,6172.0,9723.0,3615.0,5001.0,9538.0,4863.0,5451.0,5969.0
471,3482.0,4757.0,5561.0,7352.0,3875.0,4270.0,6942.0,4229.0,4613.0,4712.0
472,3376.0,3675.0,5389.0,7294.0,3661.0,4718.0,7252.0,4888.0,4646.0,4533.0
473,3710.0,3795.0,5241.0,7041.0,3659.0,4341.0,7418.0,3364.0,4599.0,4936.0
474,3989.0,2701.0,3906.0,8650.0,1802.0,3063.0,5553.0,2298.0,5970.0,4804.0
475,0.0,0.0,0.0,0.0,0.0,0.0,0.0,0.0,0.0,0.0
476,5488.0,6520.0,9500.0,11863.0,7184.0,7894.0,11295.0,7840.0,8390.0,7910.0
477,5923.0,6667.0,8455.0,9680.0,6274.0,6236.0,11787.0,6998.0,7872.0,6685.0
478,5870.0,7646.0,10482.0,14743.0,6543.0,7710.0,12397.0,7589.0,7812.0,7006.0
479,0.0,0.0,0.0,0.0,0.0,0.0,0.0,0.0,0.0,0.0
480,6790.0,7176.0,10994.0,15274.0,6978.0,6945.0,16037.0,6775.0,9004.0,8145.0
481,5498.0,2968.0,4950.0,10330.0,2061.0,3711.0,6696.0,2907.0,5975.0,5116.0
482,0.0,0.0,0.0,0.0,0.0,0.0,0.0,0.0,0.0,0.0
483,5325.0,7242.0,9327.0,11986.0,7446.0,7722.0,13594.0,8967.0,9326.0,7714.0
484,5055.0,5992.0,8925.0,9723.0,5777.0,6304.0,11540.0,7095.0,7348.0,6837.0
485,5075.0,6733.0,8435.0,9245.0,5795.0,6073.0,8654.0,5357.0,7271.0,6372.0
486,5222.0,5151.0,7396.0,9227.0,5410.0,5427.0,7583.0,5968.0,6325.0,6279.0
487,5237.0,5979.0,7499.0,10880.0,5883.0,5534.0,9399.0,5925.0,6718.0,6547.0
488,5996.0,2430.0,5868.0,10559.0,2350.0,3718.0,6518.0,2713.0,5898.0,4632.0
489,0.0,0.0,0.0,0.0,0.0,0.0,0.0,0.0,0.0,0.0
490,3957.0,3860.0,4367.0,8484.0,4123.0,4643.0,7233.0,4623.0,6028.0,4404.0
491,3535.0,3974.0,6174.0,7508.0,3710.0,4166.0,7974.0,4609.0,5398.0,5471.0
492,3710.0,4700.0,5142.0,7268.0,4207.0,4309.0,6696.0,5203.0,4589.0,5002.0
493,3589.0,4108.0,5190.0,7145.0,3996.0,4261.0,6722.0,4808.0,5650.0,4677.0
494,3863.0,3779.0,5744.0,7948.0,4208.0,4848.0,7111.0,3941.0,5806.0,5023.0
495,3785.0,2532.0,3485.0,9040.0,1698.0,3045.0,5486.0,2617.0,5333.0,4608.0
496,0.0,0.0,0.0,0.0,0.0,0.0,0.0,0.0,0.0,0.0
497,5637.0,6996.0,9011.0,11433.0,7560.0,7335.0,11953.0,7996.0,8557.0,7880.0
498,4909.0,5155.0,7828.0,8127.0,4986.0,6093.0,8857.0,6191.0,6740.0,6611.0
499,4298.0,5584.0,7139.0,8408.0,5035.0,5945.0,8214.0,5064.0,6174.0,5724.0
500,3801.0,4887.0,6899.0,8924.0,4669.0,6049.0,7348.0,6673.0,5849.0,5448.0
501,4968.0,4802.0,6619.0,8611.0,4818.0,5324.0,8719.0,4887.0,6776.0,5890.0
502,4574.0,2516.0,4236.0,9218.0,1888.0,3165.0,5452.0,2657.0,6528.0,5034.0
503,0.0,0.0,0.0,0.0,0.0,0.0,0.0,0.0,0.0,0.0
504,3912.0,4173.0,5458.0,7949.0,3736.0,5274.0,7687.0,4871.0,5037.0,6172.0
505,3971.0,4042.0,4651.0,7193.0,3849.0,4179.0,7925.0,5174.0,6037.0,5303.0
506,4616.0,5203.0,4925.0,11073.0,4613.0,5015.0,8845.0,5137.0,6645.0,5230.0
507,0.0,0.0,0.0,0.0,0.0,0.0,0.0,0.0,0.0,0.0
508,5407.0,5694.0,8510.0,13149.0,5858.0,6171.0,12695.0,5717.0,7724.0,6624.0
509,4985.0,2953.0,4725.0,11018.0,2026.0,3438.0,7692.0,2990.0,6444.0,5322.0
510,0.0,0.0,0.0,0.0,0.0,0.0,0.0,0.0,0.0,0.0
511,6071.0,7320.0,10912.0,13087.0,7860.0,8111.0,13694.0,8799.0,10768.0,9211.0
512,5614.0,5619.0,9614.0,11083.0,5732.0,6792.0,11509.0,7251.0,8225.0,6491.0
513,5229.0,7006.0,7768.0,10584.0,6056.0,5885.0,8848.0,7052.0,7814.0,6406.0
514,5278.0,5957.0,8018.0,10774.0,5247.0,5409.0,9786.0,6476.0,7192.0,6711.0
515,4957.0,5064.0,8015.0,10705.0,5884.0,6658.0,11061.0,5789.0,7976.0,6907.0
516,4923.0,2893.0,4903.0,10164.0,2461.0,2355.0,6822.0,2878.0,6677.0,5189.0
517,0.0,0.0,0.0,0.0,0.0,0.0,0.0,0.0,0.0,0.0
518,0.0,0.0,0.0,0.0,0.0,0.0,0.0,0.0,0.0,0.0
519,4607.0,4403.0,5831.0,10239.0,4196.0,5179.0,10432.0,5891.0,6937.0,5762.0
520,4207.0,4976.0,5947.0,8163.0,3857.0,4961.0,8592.0,4787.0,6042.0,5163.0
521,3702.0,5187.0,6889.0,8637.0,4585.0,4546.0,8160.0,5671.0,5728.0,5746.0
522,3901.0,4568.0,6343.0,8077.0,4176.0,5461.0,9202.0,4417.0,6052.0,5047.0
523,4757.0,2897.0,4517.0,11209.0,1991.0,3171.0,7753.0,2576.0,6392.0,5188.0
524,0.0,0.0,0.0,0.0,0.0,0.0,0.0,0.0,0.0,0.0
525,4788.0,7394.0,10299.0,11121.0,8065.0,7068.0,11289.0,7949.0,8999.0,6816.0
526,5770.0,5830.0,10249.0,10097.0,6171.0,6429.0,10319.0,6640.0,8134.0,6750.0
527,5256.0,6300.0,9218.0,8791.0,5432.0,6214.0,9435.0,5944.0,7765.0,5833.0
528,0.0,5451.0,0.0,9446.0,5307.0,5173.0,8992.0,6638.0,0.0,5484.0
529,6362.0,4572.0,9752.0,9503.0,4741.0,5661.0,9885.0,5236.0,9912.0,5656.0
530,3982.0,2514.0,4208.0,8683.0,1816.0,3093.0,5278.0,2759.0,6441.0,4282.0
531,0.0,0.0,0.0,0.0,0.0,0.0,0.0,0.0,0.0,0.0
532,3755.0,4066.0,5182.0,8998.0,3964.0,4689.0,9151.0,4795.0,6044.0,5683.0
533,3351.0,3787.0,5599.0,7723.0,3748.0,3938.0,7980.0,4828.0,4965.0,5442.0
534,3727.0,4767.0,5618.0,8450.0,4026.0,4299.0,6372.0,4058.0,4961.0,4823.0
535,2749.0,4215.0,5766.0,7080.0,3115.0,4103.0,7129.0,4779.0,4515.0,4633.0
536,4019.0,4646.0,5162.0,7556.0,4264.0,4786.0,8138.0,4334.0,5780.0,4626.0
537,5162.0,2644.0,5802.0,9601.0,2206.0,3343.0,6696.0,2810.0,6162.0,4606.0
538,0.0,0.0,0.0,0.0,0.0,0.0,0.0,0.0,0.0,0.0
539,5738.0,10682.0,15689.0,15672.0,7954.0,7662.0,14428.0,9775.0,12046.0,7707.0
540,5138.0,5454.0,8373.0,11584.0,6407.0,7543.0,13249.0,8053.0,8829.0,6192.0
541,5161.0,6623.0,8646.0,10575.0,6153.0,6288.0,10483.0,6475.0,7525.0,5951.0
542,4756.0,5824.0,8883.0,10659.0,4704.0,6101.0,9955.0,6978.0,7373.0,5637.0
543,4025.0,5200.0,7585.0,8551.0,4886.0,5783.0,9588.0,5093.0,6406.0,5176.0
544,5176.0,4043.0,4763.0,10034.0,2207.0,3407.0,5909.0,2565.0,6366.0,5038.0
545,0.0,0.0,0.0,0.0,0.0,0.0,0.0,0.0,0.0,0.0
546,4223.0,3981.0,6884.0,9810.0,4125.0,4690.0,9567.0,5486.0,6920.0,5614.0
547,4081.0,4009.0,5039.0,8844.0,3704.0,4259.0,8876.0,4331.0,4364.0,4830.0
548,3547.0,4602.0,5006.0,9042.0,4109.0,4463.0,8095.0,4267.0,5533.0,3567.0
549,3741.0,4557.0,6701.0,10000.0,3465.0,3883.0,7713.0,5518.0,5924.0,4693.0
550,4020.0,3402.0,6441.0,9195.0,3991.0,4599.0,9687.0,4483.0,5765.0,5331.0
551,4409.0,2806.0,4098.0,10335.0,2340.0,3054.0,6767.0,2969.0,6388.0,4682.0
552,0.0,0.0,0.0,0.0,0.0,0.0,0.0,0.0,0.0,0.0
553,5083.0,7014.0,8761.0,12949.0,7096.0,6693.0,13336.0,7606.0,8532.0,7386.0
554,5298.0,6361.0,9153.0,10719.0,6197.0,6831.0,11693.0,7085.0,8652.0,6704.0
555,5424.0,7113.0,8036.0,10720.0,6106.0,5827.0,10249.0,6317.0,6812.0,6726.0
556,4685.0,5315.0,7874.0,10045.0,5421.0,5440.0,8914.0,7147.0,7173.0,6070.0
557,4609.0,4971.0,6751.0,9353.0,5480.0,5582.0,10461.0,5007.0,6513.0,6424.0
558,4084.0,3009.0,3251.0,8840.0,1897.0,3327.0,5975.0,2445.0,5494.0,4682.0
559,0.0,0.0,0.0,0.0,0.0,0.0,0.0,0.0,0.0,0.0
560,4507.0,3802.0,5884.0,8649.0,3753.0,4296.0,10712.0,5180.0,5713.0,5703.0
561,3933.0,4509.0,6267.0,7589.0,3537.0,4238.0,10015.0,3884.0,5982.0,4632.0
562,3806.0,5152.0,5553.0,6514.0,4276.0,4275.0,8880.0,3557.0,5076.0,5096.0
563,3557.0,3886.0,5139.0,7355.0,3425.0,4230.0,8219.0,4357.0,6086.0,4833.0
564,3858.0,3956.0,4346.0,7655.0,3747.0,4128.0,9406.0,3959.0,5176.0,5027.0
565,4266.0,2243.0,4132.0,8805.0,2200.0,2771.0,6671.0,2656.0,5131.0,5429.0
566,0.0,0.0,0.0,0.0,0.0,0.0,0.0,0.0,0.0,0.0
567,5372.0,6494.0,8778.0,11033.0,6846.0,6093.0,13561.0,7774.0,7415.0,8422.0
568,5252.0,5274.0,7497.0,9808.0,5283.0,5658.0,12603.0,6700.0,5200.0,6635.0
569,5487.0,6308.0,8399.0,10032.0,5310.0,5589.0,13568.0,6219.0,7001.0,6316.0
570,5106.0,6301.0,8891.0,12533.0,5824.0,5933.0,13183.0,7337.0,8176.0,6637.0
571,5038.0,5434.0,7893.0,11112.0,4381.0,5931.0,11885.0,6115.0,8424.0,6997.0
572,4731.0,3354.0,4157.0,10071.0,1593.0,3201.0,7956.0,3100.0,6233.0,5284.0
573,0.0,0.0,0.0,0.0,0.0,0.0,0.0,0.0,0.0,0.0
574,5655.0,6315.0,9055.0,11754.0,5391.0,6550.0,15399.0,8066.0,10061.0,7049.0
575,5433.0,5811.0,8714.0,9990.0,6108.0,5611.0,13813.0,7054.0,7438.0,6201.0
576,5337.0,6331.0,7499.0,8860.0,5711.0,5310.0,9952.0,6070.0,6746.0,5811.0
577,4154.0,4809.0,8010.0,9872.0,4940.0,5251.0,11960.0,6240.0,6750.0,5452.0
578,4451.0,4597.0,6763.0,9698.0,5051.0,5351.0,10040.0,5187.0,6368.0,5683.0
579,4174.0,2592.0,3131.0,9266.0,1711.0,3023.0,7815.0,2483.0,6109.0,4420.0
580,0.0,0.0,0.0,0.0,0.0,0.0,0.0,0.0,0.0,0.0
581,3886.0,4158.0,6114.0,9674.0,4414.0,4552.0,10864.0,4815.0,6381.0,5661.0
582,3185.0,4319.0,5431.0,7896.0,3831.0,4140.0,11089.0,4351.0,4911.0,4672.0
583,4069.0,5010.0,6051.0,7832.0,4458.0,4153.0,9134.0,4178.0,5513.0,4791.0
584,3906.0,4606.0,5668.0,8230.0,3790.0,3930.0,9091.0,4588.0,5435.0,4206.0
585,3746.0,4218.0,5156.0,9048.0,3667.0,4115.0,10659.0,4095.0,5746.0,5205.0
586,4425.0,2847.0,3216.0,9756.0,1998.0,2910.0,6991.0,2254.0,6597.0,4478.0
587,0.0,0.0,0.0,0.0,0.0,0.0,0.0,0.0,0.0,0.0
588,5623.0,6355.0,9258.0,13564.0,7521.0,6426.0,13814.0,7444.0,9631.0,6450.0
589,5190.0,6000.0,8854.0,10163.0,5784.0,5209.0,12348.0,6890.0,8539.0,5044.0
590,4280.0,7056.0,7661.0,9515.0,5800.0,5354.0,10262.0,5982.0,7929.0,5053.0
591,4327.0,5626.0,6933.0,9954.0,4773.0,4849.0,10789.0,6594.0,6664.0,5182.0
592,3971.0,5064.0,6610.0,10315.0,4956.0,5012.0,11115.0,5039.0,6972.0,4682.0
593,3582.0,2738.0,3698.0,10208.0,1791.0,2822.0,6881.0,2910.0,5727.0,3567.0
594,0.0,0.0,0.0,0.0,0.0,0.0,0.0,0.0,0.0,0.0
595,3414.0,3927.0,5393.0,10919.0,3693.0,4330.0,11405.0,4894.0,5977.0,4346.0
596,3396.0,3647.0,5666.0,8985.0,3623.0,3768.0,10029.0,4027.0,5430.0,4496.0
597,3148.0,5127.0,5055.0,8718.0,4306.0,4467.0,8038.0,4563.0,4445.0,3755.0
598,3920.0,3717.0,5452.0,9205.0,4070.0,3962.0,8414.0,5374.0,5369.0,4043.0
599,3869.0,4318.0,6889.0,11938.0,4860.0,5142.0,10951.0,5373.0,6559.0,5266.0
600,4094.0,2976.0,4322.0,11930.0,2315.0,3282.0,7271.0,3802.0,6326.0,4372.0
601,0.0,0.0,0.0,0.0,0.0,0.0,0.0,0.0,0.0,0.0
602,5464.0,8173.0,10679.0,15595.0,7786.0,7586.0,15349.0,9367.0,10494.0,7033.0
603,5008.0,6422.0,8989.0,11932.0,6226.0,5934.0,12542.0,6897.0,8395.0,5937.0
604,4978.0,6615.0,8659.0,10729.0,5884.0,5741.0,10774.0,6428.0,7865.0,5397.0
605,4346.0,5401.0,7659.0,10522.0,5380.0,5592.0,9839.0,6689.0,6734.0,5840.0
606,4706.0,4823.0,6564.0,10528.0,4686.0,5642.0,10543.0,5838.0,7752.0,5391.0
607,3959.0,2551.0,3562.0,9382.0,2187.0,2962.0,6500.0,2823.0,5762.0,4228.0
608,0.0,0.0,0.0,0.0,0.0,0.0,0.0,0.0,0.0,0.0
609,3676.0,4189.0,6061.0,8995.0,3511.0,4439.0,9155.0,4844.0,6068.0,5329.0
610,3377.0,4963.0,5978.0,8070.0,3624.0,4277.0,8109.0,4040.0,5228.0,4785.0
611,3275.0,4865.0,5164.0,8530.0,4305.0,3911.0,7551.0,4117.0,5084.0,5488.0
612,3392.0,4123.0,5389.0,7924.0,4557.0,4365.0,7518.0,5369.0,5152.0,4512.0
613,3906.0,3323.0,5665.0,7603.0,3869.0,4558.0,7968.0,4859.0,5642.0,5471.0
614,4270.0,2593.0,3737.0,9563.0,2107.0,3151.0,5890.0,3268.0,6620.0,4601.0
615,0.0,0.0,0.0,0.0,0.0,0.0,0.0,0.0,0.0,0.0
616,4611.0,6997.0,10098.0,11450.0,7797.0,6826.0,11534.0,8513.0,9517.0,7583.0
617,4381.0,6207.0,8607.0,9140.0,5438.0,5947.0,11201.0,7046.0,7089.0,6124.0
618,4383.0,6469.0,8034.0,8594.0,5685.0,5298.0,8614.0,6038.0,6152.0,5714.0
619,3740.0,4994.0,7563.0,8958.0,5003.0,5372.0,8645.0,6552.0,5796.0,5511.0
620,4128.0,4491.0,7729.0,8995.0,4899.0,5151.0,9661.0,5685.0,7345.0,5512.0
621,3911.0,2473.0,3574.0,10044.0,1946.0,3079.0,5582.0,2626.0,5770.0,5075.0
622,0.0,0.0,0.0,0.0,0.0,0.0,0.0,0.0,0.0,0.0
623,3982.0,4004.0,4658.0,8184.0,4039.0,4131.0,6562.0,4737.0,5599.0,5177.0
624,3407.0,3874.0,5026.0,7543.0,3338.0,4896.0,7698.0,5135.0,4841.0,4787.0
625,3405.0,5084.0,4620.0,6440.0,4265.0,3951.0,6814.0,5021.0,5136.0,4679.0
626,2462.0,3911.0,4575.0,6629.0,3629.0,3977.0,6444.0,5233.0,4950.0,4547.0
627,3518.0,3583.0,4853.0,6948.0,3660.0,4521.0,6956.0,5186.0,5993.0,4750.0
628,3914.0,2725.0,3846.0,9405.0,2000.0,2872.0,5945.0,3380.0,6313.0,4113.0
629,0.0,0.0,0.0,0.0,0.0,0.0,0.0,0.0,0.0,0.0
630,5280.0,7514.0,10066.0,10201.0,6274.0,6397.0,11224.0,8630.0,8992.0,7302.0
631,4919.0,8461.0,12260.0,12659.0,6633.0,7320.0,12636.0,9061.0,8663.0,6790.0
632,4712.0,5565.0,8331.0,10560.0,6384.0,6808.0,9547.0,6826.0,8402.0,6982.0
633,5400.0,4845.0,8565.0,12297.0,5994.0,6545.0,10196.0,8234.0,8272.0,7145.0
634,0.0,2689.0,0.0,0.0,0.0,0.0,3335.0,0.0,0.0,0.0
635,5355.0,2979.0,5420.0,11694.0,2692.0,4176.0,7678.0,4208.0,7277.0,5966.0
636,0.0,0.0,0.0,0.0,0.0,0.0,0.0,0.0,0.0,0.0
637,5402.0,7562.0,10598.0,10575.0,7688.0,7346.0,12601.0,10198.0,9752.0,7405.0
638,5439.0,5808.0,7699.0,9648.0,6693.0,5981.0,10890.0,6435.0,7855.0,6298.0
639,4944.0,6252.0,8472.0,9189.0,5399.0,5778.0,9482.0,6783.0,7221.0,5903.0
640,4654.0,5283.0,7206.0,8763.0,5469.0,5066.0,9132.0,7586.0,6628.0,6334.0
641,4396.0,4907.0,7448.0,9501.0,5138.0,5824.0,10191.0,6394.0,7570.0,6059.0
642,4743.0,2497.0,3697.0,10048.0,1837.0,3269.0,5585.0,3688.0,5948.0,4898.0
643,0.0,0.0,0.0,0.0,0.0,0.0,0.0,0.0,0.0,0.0
644,4033.0,4377.0,5035.0,8947.0,4127.0,4691.0,7752.0,5053.0,5550.0,5521.0
645,3681.0,3982.0,5114.0,8166.0,3640.0,4597.0,6897.0,4754.0,4956.0,4852.0
646,3775.0,4732.0,5008.0,7843.0,4486.0,4490.0,6913.0,4404.0,5378.0,4508.0
647,3430.0,4288.0,5271.0,8008.0,3653.0,4386.0,6394.0,5516.0,4944.0,4876.0
648,3720.0,3852.0,5485.0,7947.0,4499.0,4532.0,7895.0,4318.0,6110.0,5317.0
649,4169.0,2613.0,3367.0,10166.0,2441.0,3346.0,5810.0,3355.0,5533.0,4816.0
650,0.0,0.0,0.0,0.0,0.0,0.0,0.0,0.0,0.0,0.0
651,4652.0,6631.0,8266.0,11357.0,6096.0,6329.0,10681.0,8561.0,9754.0,7410.0
652,4678.0,5382.0,6855.0,9786.0,5310.0,5111.0,8801.0,6081.0,6977.0,5604.0
653,4868.0,5261.0,7380.0,9547.0,4628.0,4454.0,7589.0,5869.0,7098.0,4773.0
654,4466.0,5729.0,7177.0,9364.0,4179.0,4679.0,7376.0,6936.0,6343.0,5836.0
655,4196.0,5096.0,6251.0,9016.0,4878.0,4848.0,8601.0,6330.0,6881.0,6059.0
656,4596.0,2542.0,3266.0,9414.0,1697.0,2861.0,5106.0,3128.0,5969.0,5062.0
657,0.0,0.0,0.0,0.0,0.0,0.0,0.0,0.0,0.0,0.0
658,4260.0,4296.0,4848.0,9172.0,3687.0,4200.0,7226.0,5067.0,5824.0,4800.0
659,3364.0,3849.0,4745.0,7543.0,3504.0,4225.0,7681.0,5477.0,5272.0,4910.0
660,3761.0,4986.0,4716.0,7810.0,3944.0,4411.0,6747.0,5042.0,5615.0,4402.0
661,4042.0,5394.0,5357.0,9677.0,5141.0,5656.0,8530.0,6677.0,6034.0,5090.0
662,4161.0,0.0,6788.0,9839.0,0.0,0.0,10213.0,6223.0,8383.0,5597.0
663,6532.0,3305.0,0.0,10834.0,2817.0,3899.0,6093.0,3903.0,0.0,4349.0
664,0.0,0.0,0.0,0.0,0.0,0.0,0.0,0.0,0.0,0.0
665,5857.0,7549.0,10855.0,13095.0,8274.0,7869.0,12623.0,9844.0,11562.0,7438.0
666,5253.0,7015.0,9863.0,11285.0,6836.0,6367.0,11121.0,7805.0,8544.0,6331.0
667,4838.0,7142.0,9172.0,11232.0,5913.0,6742.0,8842.0,6603.0,8249.0,4965.0
668,4785.0,6307.0,8072.0,9461.0,5264.0,5599.0,9743.0,7378.0,7437.0,5907.0
669,5220.0,5445.0,8091.0,11209.0,5284.0,5642.0,10087.0,7069.0,7416.0,6498.0
670,4720.0,3311.0,4055.0,10208.0,2280.0,3750.0,6506.0,3274.0,7459.0,5561.0
671,0.0,0.0,0.0,0.0,0.0,0.0,0.0,0.0,0.0,0.0
672,5474.0,6423.0,8533.0,10593.0,6540.0,6107.0,10223.0,8504.0,9128.0,6811.0
673,4479.0,5651.0,8708.0,8794.0,5736.0,6272.0,9776.0,7782.0,7003.0,7009.0
674,4677.0,6818.0,7839.0,9340.0,5903.0,5621.0,8169.0,7146.0,6758.0,6226.0
675,3869.0,5009.0,7560.0,10102.0,5013.0,5424.0,7935.0,7844.0,7101.0,5766.0
676,5334.0,4655.0,7836.0,9790.0,5199.0,5662.0,9936.0,5749.0,8325.0,6239.0
677,4967.0,2979.0,4397.0,11185.0,2146.0,3460.0,6225.0,3583.0,6430.0,4895.0
678,0.0,0.0,0.0,0.0,0.0,0.0,0.0,0.0,0.0,0.0
679,3582.0,4157.0,5935.0,9376.0,4564.0,5220.0,8561.0,6416.0,6184.0,5346.0
680,3890.0,3468.0,5195.0,8331.0,4530.0,4747.0,8339.0,5834.0,6167.0,5290.0
681,3894.0,5091.0,5490.0,7898.0,0.0,0.0,7300.0,5376.0,6112.0,5340.0
682,4963.0,4527.0,6019.0,7866.0,5291.0,5616.0,7272.0,5759.0,5561.0,4753.0
683,4594.0,3978.0,5865.0,8319.0,4456.0,4561.0,7806.0,4958.0,6359.0,5577.0
684,5849.0,3085.0,3989.0,10552.0,2225.0,3562.0,6059.0,3591.0,6619.0,5337.0
685,0.0,0.0,0.0,0.0,0.0,0.0,0.0,0.0,0.0,0.0
686,6527.0,7038.0,8886.0,12053.0,7528.0,7877.0,11482.0,9339.0,9911.0,7774.0
687,5815.0,6511.0,8577.0,11402.0,6338.0,6974.0,11391.0,7840.0,7689.0,6454.0
688,5328.0,7588.0,8397.0,10083.0,6187.0,5855.0,10756.0,8065.0,7164.0,6882.0
689,6144.0,6119.0,8508.0,10512.0,5670.0,6392.0,10409.0,9182.0,7656.0,7212.0
690,7195.0,6062.0,9700.0,13832.0,6875.0,7168.0,13668.0,8094.0,9248.0,7421.0
691,7066.0,3424.0,6702.0,14052.0,2435.0,5105.0,8884.0,5052.0,9096.0,6517.0
692,0.0,0.0,0.0,0.0,0.0,0.0,0.0,0.0,0.0,0.0
693,7380.0,8674.0,10369.0,12359.0,8580.0,7638.0,14130.0,10924.0,10854.0,7440.0
694,6467.0,7664.0,9044.0,11114.0,7180.0,7092.0,13115.0,8470.0,8378.0,7432.0
695,6454.0,7533.0,9694.0,11716.0,6096.0,6906.0,10229.0,7504.0,7785.0,6532.0
696,7016.0,6661.0,8766.0,10657.0,5792.0,6371.0,11994.0,8417.0,7665.0,6665.0
697,6207.0,6385.0,10190.0,11831.0,7606.0,8320.0,15268.0,8258.0,8834.0,7349.0
698,6185.0,2914.0,7669.0,11624.0,3054.0,4530.0,7000.0,5486.0,7545.0,5292.0
699,0.0,0.0,0.0,0.0,0.0,0.0,0.0,0.0,0.0,0.0
700,4884.0,4821.0,5792.0,9556.0,4989.0,5859.0,9558.0,6852.0,7026.0,5202.0
701,4345.0,5264.0,6446.0,8426.0,5183.0,4930.0,8891.0,6751.0,5380.0,5636.0
702,4915.0,5830.0,5256.0,8042.0,5345.0,4735.0,7521.0,5649.0,6259.0,5268.0
703,5060.0,4629.0,6363.0,8522.0,4929.0,4394.0,7826.0,6076.0,6451.0,4621.0
704,5269.0,4407.0,5481.0,8403.0,5355.0,5079.0,8593.0,5008.0,6177.0,5211.0
705,7263.0,3375.0,6621.0,11953.0,2572.0,4082.0,7776.0,4457.0,7674.0,6041.0
706,0.0,0.0,0.0,0.0,0.0,0.0,0.0,0.0,0.0,0.0
707,8069.0,10419.0,13472.0,15110.0,10870.0,9437.0,16763.0,10956.0,12767.0,8833.0
708,7739.0,9499.0,13072.0,12776.0,8665.0,7723.0,14580.0,9550.0,10291.0,7707.0
709,7523.0,9365.0,10510.0,13087.0,8758.0,7493.0,11707.0,8282.0,9415.0,7015.0
710,7785.0,8117.0,11617.0,13183.0,7726.0,7131.0,12483.0,9008.0,9787.0,6569.0
711,7558.0,7574.0,9598.0,13591.0,7085.0,7554.0,11603.0,7381.0,8996.0,6922.0
712,8367.0,4553.0,8094.0,13884.0,3912.0,5142.0,7921.0,4339.0,9540.0,6482.0
713,0.0,0.0,0.0,0.0,0.0,0.0,0.0,0.0,0.0,0.0
714,9331.0,9027.0,11282.0,14572.0,8765.0,9297.0,12528.0,7248.0,11569.0,8597.0
715,7959.0,7557.0,12121.0,15839.0,9164.0,7982.0,14590.0,7962.0,10636.0,8406.0
716,3659.0,2437.0,4310.0,6551.0,2850.0,3357.0,5458.0,3738.0,4885.0,5239.0
717,0.0,0.0,0.0,0.0,0.0,0.0,0.0,0.0,0.0,0.0
718,0.0,0.0,0.0,0.0,0.0,0.0,0.0,0.0,0.0,0.0
719,6057.0,3934.0,4825.0,12724.0,2847.0,3990.0,8882.0,3806.0,6096.0,4787.0
720,0.0,0.0,0.0,0.0,0.0,0.0,0.0,0.0,0.0,0.0
721,6463.0,5999.0,8788.0,13543.0,4646.0,5223.0,11145.0,7086.0,7684.0,6157.0
722,6466.0,5513.0,8376.0,16860.0,5056.0,5044.0,10690.0,6463.0,7903.0,6862.0
723,2605.0,2269.0,3804.0,10152.0,1830.0,2604.0,5219.0,3025.0,5063.0,4216.0
724,0.0,0.0,0.0,0.0,0.0,0.0,0.0,0.0,0.0,0.0
725,5509.0,4137.0,5523.0,10737.0,4773.0,4273.0,9434.0,5028.0,7073.0,4902.0
726,5023.0,3132.0,4299.0,9751.0,2109.0,3477.0,4960.0,3250.0,6043.0,4956.0
727,0.0,0.0,0.0,0.0,0.0,0.0,0.0,0.0,0.0,0.0
728,6239.0,7308.0,10684.0,11177.0,7314.0,6459.0,13086.0,9390.0,10602.0,7581.0
729,4574.0,6696.0,8739.0,10509.0,6123.0,5857.0,11736.0,7182.0,8505.0,6192.0
730,4796.0,5945.0,7253.0,9024.0,5264.0,5206.0,9377.0,7262.0,7149.0,5200.0
731,3716.0,5246.0,6300.0,8257.0,4800.0,5043.0,7352.0,6089.0,6548.0,4534.0
732,3998.0,4762.0,7719.0,8658.0,4780.0,5246.0,7623.0,4593.0,6744.0,5746.0
733,4599.0,3024.0,3373.0,10693.0,2169.0,3168.0,4761.0,2763.0,5544.0,4289.0
734,0.0,0.0,0.0,0.0,0.0,0.0,0.0,0.0,0.0,0.0
735,5346.0,7237.0,8209.0,11124.0,7523.0,6272.0,11019.0,8425.0,9529.0,6460.0
736,4924.0,6444.0,7464.0,8851.0,5748.0,5510.0,9066.0,6463.0,6985.0,5802.0
737,4541.0,6366.0,7417.0,9284.0,5219.0,5709.0,9051.0,6731.0,6748.0,5049.0
738,4295.0,5810.0,6578.0,9584.0,5101.0,5151.0,7721.0,7242.0,7003.0,5656.0
739,4161.0,5456.0,8497.0,9008.0,5177.0,5532.0,9627.0,6558.0,7773.0,7036.0
740,5255.0,2883.0,4610.0,9655.0,1743.0,2941.0,5307.0,3571.0,7334.0,4867.0
741,0.0,0.0,0.0,0.0,0.0,0.0,0.0,0.0,0.0,0.0
742,3721.0,4082.0,5420.0,8825.0,4195.0,4025.0,7072.0,6083.0,6086.0,5302.0
743,3680.0,3955.0,4848.0,7308.0,3701.0,3620.0,6604.0,5540.0,5778.0,4681.0
744,3299.0,4524.0,5024.0,7456.0,4025.0,4126.0,6292.0,4670.0,5651.0,3792.0
745,3492.0,3728.0,4677.0,7239.0,3570.0,3670.0,6125.0,5447.0,5905.0,4203.0
746,3586.0,3206.0,5701.0,7638.0,3962.0,3711.0,7167.0,4517.0,6601.0,5131.0
747,4840.0,2575.0,3452.0,9401.0,1911.0,3022.0,5218.0,2803.0,5410.0,4192.0
748,0.0,0.0,0.0,0.0,0.0,0.0,0.0,0.0,0.0,0.0
749,4781.0,5931.0,8055.0,10174.0,6277.0,6360.0,9418.0,7502.0,9209.0,6088.0
750,4806.0,5258.0,8292.0,9088.0,5505.0,5079.0,9877.0,7804.0,7619.0,6137.0
751,4310.0,6032.0,6883.0,8520.0,5372.0,6077.0,7992.0,6071.0,7038.0,5173.0
752,5171.0,4775.0,7485.0,9614.0,4932.0,5395.0,9163.0,8403.0,7253.0,6203.0
753,5577.0,5919.0,6911.0,13307.0,5640.0,6555.0,11430.0,6401.0,8072.0,6350.0
754,5363.0,3067.0,4382.0,11904.0,2110.0,3352.0,6240.0,4063.0,7563.0,4806.0
755,0.0,0.0,0.0,0.0,0.0,0.0,0.0,0.0,0.0,0.0
756,6038.0,8155.0,9922.0,13120.0,7407.0,7413.0,11970.0,8679.0,10858.0,7275.0
757,4901.0,6837.0,8950.0,11230.0,6231.0,6055.0,10481.0,8146.0,8929.0,5982.0
758,4672.0,6405.0,8155.0,9571.0,5656.0,5034.0,9566.0,6877.0,6956.0,6052.0
759,4394.0,5275.0,7195.0,9882.0,5011.0,5265.0,8692.0,7002.0,6611.0,5416.0
760,5022.0,5260.0,7920.0,10985.0,5209.0,5268.0,9570.0,6205.0,7955.0,5772.0
761,4663.0,2335.0,4781.0,10042.0,2064.0,3320.0,6172.0,3603.0,7299.0,4770.0
762,0.0,0.0,0.0,0.0,0.0,0.0,0.0,0.0,0.0,0.0
763,3965.0,3678.0,5027.0,8940.0,3294.0,3834.0,8215.0,5787.0,6314.0,4795.0
764,3136.0,4653.0,5333.0,7914.0,3912.0,4076.0,7397.0,5070.0,6075.0,5094.0
765,3735.0,4773.0,6116.0,7317.0,3862.0,3843.0,7346.0,5051.0,5880.0,5530.0
766,3900.0,3765.0,5179.0,8239.0,3852.0,3679.0,7296.0,5694.0,5883.0,4602.0
767,4726.0,3647.0,6018.0,8628.0,4617.0,4083.0,8623.0,5296.0,6309.0,5285.0
768,5015.0,2809.0,4221.0,10274.0,2162.0,2905.0,6312.0,3765.0,7377.0,4610.0
769,0.0,0.0,0.0,0.0,0.0,0.0,0.0,0.0,0.0,0.0
770,4303.0,7478.0,9914.0,11092.0,7566.0,6506.0,11966.0,9169.0,9403.0,7738.0
771,4833.0,6113.0,7895.0,9657.0,5433.0,5586.0,10521.0,7938.0,9308.0,6615.0
772,4180.0,6178.0,7862.0,8794.0,5389.0,4618.0,8775.0,7449.0,7417.0,6502.0
773,4460.0,5842.0,7248.0,9114.0,4839.0,4911.0,8565.0,7768.0,7615.0,5858.0
774,4651.0,4727.0,7204.0,10421.0,4658.0,5314.0,9063.0,6002.0,7490.0,5743.0
775,4475.0,3005.0,3419.0,9847.0,1752.0,3086.0,4775.0,3402.0,7470.0,5302.0
776,0.0,0.0,0.0,0.0,0.0,0.0,0.0,0.0,0.0,0.0
777,3598.0,3633.0,5354.0,8328.0,3742.0,3783.0,7055.0,4977.0,6713.0,5348.0
778,4054.0,3755.0,4982.0,7611.0,3848.0,4044.0,6904.0,5368.0,5991.0,4842.0
779,3875.0,4666.0,4650.0,8051.0,4179.0,3936.0,6084.0,5473.0,5991.0,4347.0
780,4042.0,4035.0,5978.0,8080.0,3560.0,3948.0,7817.0,6350.0,6278.0,4792.0
781,4708.0,4022.0,5640.0,10243.0,4548.0,4887.0,8929.0,6145.0,7042.0,5562.0
782,5289.0,3032.0,4574.0,11487.0,2274.0,3320.0,6933.0,4103.0,7321.0,5127.0
783,0.0,0.0,0.0,0.0,0.0,0.0,0.0,0.0,0.0,0.0
784,5942.0,7161.0,10970.0,12899.0,7524.0,7519.0,11387.0,8923.0,10551.0,7600.0
785,5451.0,6610.0,8615.0,11093.0,6036.0,5872.0,11404.0,8163.0,8222.0,6313.0
786,5568.0,6478.0,7651.0,9881.0,6407.0,5714.0,9155.0,6805.0,8367.0,5959.0
787,4419.0,5532.0,7784.0,10428.0,4692.0,4500.0,7927.0,8282.0,8004.0,5823.0
788,5397.0,4823.0,8057.0,10130.0,5221.0,5392.0,9785.0,6260.0,8287.0,6374.0
789,4592.0,3211.0,4525.0,10213.0,1689.0,3036.0,6173.0,3589.0,6224.0,4710.0
790,0.0,0.0,0.0,0.0,0.0,0.0,0.0,0.0,0.0,0.0
791,3701.0,3967.0,5430.0,8284.0,4264.0,4113.0,7840.0,4841.0,7172.0,5821.0
792,3805.0,4095.0,5223.0,7637.0,3935.0,4356.0,8002.0,5538.0,5538.0,5511.0
793,4170.0,4949.0,5302.0,7612.0,3985.0,3904.0,6497.0,4972.0,5868.0,5043.0
794,3141.0,4065.0,5725.0,7046.0,3580.0,3635.0,7113.0,6036.0,5456.0,4595.0
795,3725.0,3430.0,5831.0,8271.0,4146.0,4149.0,8025.0,4712.0,6214.0,5755.0
796,5225.0,2803.0,4189.0,10105.0,2042.0,3164.0,5549.0,3414.0,6976.0,5187.0
797,0.0,0.0,0.0,0.0,0.0,0.0,0.0,0.0,0.0,0.0
798,5695.0,7209.0,8998.0,11977.0,7237.0,7358.0,11551.0,9339.0,11397.0,8298.0
799,4806.0,6457.0,8154.0,9733.0,5555.0,5711.0,10180.0,7635.0,8692.0,6951.0
800,3858.0,7034.0,8626.0,9074.0,5261.0,4766.0,8236.0,6737.0,7457.0,6448.0
801,4748.0,5737.0,6947.0,9107.0,4720.0,5053.0,7834.0,8233.0,8188.0,4909.0
802,4057.0,4759.0,6971.0,9421.0,4709.0,5120.0,8293.0,5853.0,8419.0,6836.0
803,3909.0,2922.0,3494.0,10012.0,1783.0,3121.0,5085.0,2993.0,6622.0,4508.0
804,0.0,0.0,0.0,0.0,0.0,0.0,0.0,0.0,0.0,0.0
805,3565.0,4183.0,5400.0,8823.0,4028.0,4241.0,6907.0,5613.0,6882.0,5790.0
806,3547.0,4436.0,5256.0,7470.0,4073.0,3989.0,7353.0,5581.0,6497.0,5059.0
807,3531.0,5150.0,5538.0,6681.0,4325.0,4198.0,5977.0,5136.0,5594.0,3506.0
808,3932.0,3912.0,6105.0,7369.0,3711.0,3930.0,7158.0,5508.0,6414.0,4778.0
809,4005.0,3800.0,5216.0,8210.0,4181.0,4101.0,7534.0,5172.0,6346.0,5114.0
810,5208.0,3011.0,4247.0,10540.0,2038.0,3134.0,6041.0,3502.0,6970.0,5332.0
811,0.0,0.0,0.0,0.0,0.0,0.0,0.0,0.0,0.0,0.0
812,6714.0,8733.0,11282.0,13117.0,8847.0,6759.0,12595.0,9514.0,11578.0,6774.0
813,6206.0,10107.0,11299.0,14451.0,7692.0,6803.0,11956.0,8752.0,8927.0,5848.0
814,6816.0,6473.0,8546.0,13731.0,7720.0,7705.0,13381.0,8872.0,9440.0,6542.0
815,6574.0,6168.0,8716.0,17311.0,6321.0,7520.0,14335.0,10532.0,10330.0,6725.0
816,0.0,0.0,0.0,0.0,0.0,0.0,0.0,0.0,0.0,0.0
817,6709.0,4446.0,7123.0,15018.0,3248.0,3941.0,13089.0,4838.0,8664.0,6243.0
818,0.0,0.0,0.0,0.0,0.0,0.0,0.0,0.0,0.0,0.0
819,0.0,0.0,0.0,0.0,0.0,0.0,0.0,0.0,0.0,0.0
820,4163.0,4588.0,6830.0,11354.0,4713.0,4770.0,10208.0,6784.0,6987.0,5767.0
821,4194.0,5304.0,6253.0,9174.0,4191.0,4461.0,8449.0,6183.0,5985.0,4971.0
822,3467.0,3793.0,6185.0,8556.0,3704.0,4380.0,7985.0,6309.0,6462.0,4723.0
823,3549.0,3824.0,6343.0,7944.0,4064.0,4247.0,8028.0,5271.0,6089.0,4792.0
824,4173.0,2662.0,4008.0,9494.0,1945.0,3138.0,5479.0,3546.0,6837.0,4586.0
825,0.0,0.0,0.0,0.0,0.0,0.0,0.0,0.0,0.0,0.0
826,5377.0,6947.0,9563.0,11303.0,7213.0,7624.0,11693.0,9881.0,11968.0,8442.0
827,4648.0,6569.0,9274.0,10050.0,6132.0,5235.0,11185.0,8357.0,8416.0,7002.0
828,4110.0,7132.0,8651.0,9130.0,6071.0,5364.0,9020.0,6489.0,7444.0,5948.0
829,4116.0,5371.0,8336.0,9818.0,5404.0,5734.0,8168.0,8516.0,7644.0,5915.0
830,4718.0,4948.0,7735.0,10025.0,5098.0,5862.0,9300.0,6049.0,8346.0,6521.0
831,4594.0,3066.0,3772.0,11196.0,1828.0,2937.0,5534.0,3834.0,6685.0,5807.0
832,0.0,0.0,0.0,0.0,0.0,0.0,0.0,0.0,0.0,0.0
833,3722.0,4184.0,5238.0,8537.0,3797.0,4347.0,7587.0,5591.0,6429.0,5130.0
834,3037.0,3291.0,5756.0,6791.0,3388.0,3398.0,7248.0,5244.0,6018.0,5443.0
835,3319.0,5032.0,5875.0,7444.0,4121.0,4116.0,7392.0,4605.0,6034.0,4826.0
836,3076.0,3588.0,5570.0,7021.0,3586.0,3704.0,6585.0,6125.0,6280.0,5576.0
837,3198.0,3678.0,5376.0,7175.0,3516.0,3209.0,7519.0,5160.0,5811.0,5182.0
838,4318.0,2916.0,4373.0,8571.0,2015.0,2737.0,5404.0,3213.0,6342.0,4631.0
839,0.0,0.0,0.0,0.0,0.0,0.0,0.0,0.0,0.0,0.0
840,5575.0,6523.0,9447.0,12168.0,6858.0,6772.0,11101.0,10468.0,11737.0,7558.0
841,5199.0,6861.0,8758.0,10751.0,6012.0,5458.0,11849.0,8419.0,7906.0,6322.0
842,5775.0,6764.0,9484.0,9420.0,6366.0,6682.0,10699.0,8158.0,7761.0,6847.0
843,6228.0,6884.0,9971.0,16106.0,6598.0,7287.0,12603.0,9956.0,9717.0,8112.0
844,0.0,0.0,0.0,0.0,0.0,0.0,0.0,0.0,0.0,0.0
845,5850.0,3590.0,6564.0,12750.0,3182.0,4033.0,10015.0,4910.0,8120.0,6183.0
846,0.0,0.0,0.0,0.0,0.0,0.0,0.0,0.0,0.0,0.0
847,5591.0,6901.0,9488.0,11942.0,7503.0,7521.0,12935.0,9806.0,11827.0,8145.0
848,4564.0,6295.0,8719.0,9583.0,6315.0,5608.0,9939.0,7511.0,8149.0,5968.0
849,4960.0,6558.0,9046.0,10287.0,5795.0,5683.0,10194.0,7510.0,7978.0,6627.0
850,4529.0,5382.0,7705.0,9842.0,4897.0,5114.0,8989.0,7733.0,7512.0,6011.0
851,4683.0,5734.0,9083.0,10153.0,5301.0,4931.0,9550.0,6793.0,8538.0,6650.0
852,4945.0,2722.0,6024.0,10637.0,2354.0,3034.0,6699.0,3670.0,7347.0,5447.0
853,0.0,0.0,0.0,0.0,0.0,0.0,0.0,0.0,0.0,0.0
854,3551.0,4521.0,5797.0,8023.0,4305.0,4424.0,7558.0,5752.0,6356.0,4847.0
855,3547.0,4319.0,6043.0,7543.0,4438.0,4124.0,8310.0,5811.0,6634.0,5687.0
856,3998.0,5662.0,7003.0,10041.0,5414.0,5029.0,9169.0,6012.0,7361.0,5938.0
857,0.0,0.0,0.0,0.0,0.0,0.0,0.0,0.0,0.0,0.0
858,4178.0,5293.0,7515.0,10705.0,4746.0,4802.0,11017.0,5772.0,8020.0,6869.0
859,4431.0,2831.0,4149.0,10957.0,1997.0,3245.0,7222.0,3158.0,6937.0,4879.0
860,0.0,0.0,0.0,0.0,0.0,0.0,0.0,0.0,0.0,0.0
861,5280.0,8078.0,10040.0,11421.0,7173.0,6552.0,12321.0,8956.0,11031.0,7674.0
862,5235.0,6388.0,8728.0,9930.0,5957.0,5877.0,11266.0,7358.0,8863.0,6514.0
863,4735.0,6696.0,8226.0,10393.0,5697.0,5587.0,8990.0,6896.0,8374.0,5893.0
864,3755.0,5431.0,7682.0,8985.0,4660.0,5306.0,9027.0,7441.0,7503.0,6038.0
865,4459.0,4564.0,7349.0,9480.0,4813.0,6133.0,9488.0,6191.0,7668.0,6339.0
866,4276.0,2732.0,4613.0,10118.0,2151.0,3253.0,7434.0,3199.0,6449.0,5080.0
867,0.0,0.0,0.0,0.0,0.0,0.0,0.0,0.0,0.0,0.0
868,0.0,0.0,0.0,0.0,0.0,0.0,0.0,0.0,0.0,0.0
869,4211.0,4708.0,6443.0,10587.0,4567.0,4574.0,8671.0,6503.0,8048.0,6506.0
870,4083.0,5093.0,5589.0,8305.0,4431.0,4573.0,8567.0,5573.0,5997.0,6046.0
871,4111.0,4049.0,6475.0,8550.0,4134.0,4754.0,7984.0,6718.0,6335.0,5070.0
872,4656.0,4541.0,7421.0,10529.0,5833.0,5435.0,10618.0,6451.0,7193.0,6073.0
873,5592.0,3447.0,4542.0,12187.0,2533.0,3756.0,6428.0,4692.0,7474.0,5419.0
874,0.0,0.0,0.0,0.0,0.0,0.0,0.0,0.0,0.0,0.0
875,5774.0,6629.0,11594.0,13727.0,8396.0,7054.0,14160.0,10971.0,12227.0,7846.0
876,5450.0,7099.0,10455.0,11222.0,6416.0,6887.0,12486.0,8143.0,10248.0,7572.0
877,5809.0,6682.0,9590.0,10621.0,5703.0,5960.0,9541.0,7244.0,9984.0,6648.0
878,0.0,5810.0,0.0,10200.0,5807.0,5749.0,9696.0,7964.0,0.0,6486.0
879,5384.0,4938.0,9685.0,10416.0,5431.0,5393.0,9689.0,5904.0,9786.0,5828.0
880,4183.0,2641.0,4622.0,8218.0,1838.0,2800.0,6508.0,3349.0,7157.0,5087.0
881,0.0,0.0,0.0,0.0,0.0,0.0,0.0,0.0,0.0,0.0
882,4071.0,3918.0,6567.0,9640.0,4260.0,4426.0,8409.0,6142.0,7884.0,6428.0
883,4102.0,4097.0,7127.0,8002.0,3999.0,4223.0,8439.0,5273.0,7033.0,5299.0
884,3591.0,5035.0,6440.0,7445.0,4191.0,4326.0,6746.0,5246.0,5849.0,5853.0
885,3627.0,4240.0,5656.0,7407.0,4082.0,4047.0,7106.0,5703.0,6359.0,5065.0
886,3695.0,3539.0,6181.0,7889.0,4329.0,4070.0,8490.0,5474.0,6429.0,5385.0
887,4256.0,2574.0,4687.0,9779.0,2156.0,2812.0,6590.0,3456.0,6165.0,5892.0
888,0.0,0.0,0.0,0.0,0.0,0.0,0.0,0.0,0.0,0.0
889,5518.0,8106.0,10818.0,12398.0,7808.0,7147.0,13175.0,9937.0,11530.0,7902.0
890,4852.0,6243.0,9780.0,10671.0,6354.0,5804.0,11151.0,8386.0,9078.0,6681.0
891,4000.0,6924.0,8524.0,9685.0,5632.0,5135.0,9041.0,7751.0,8045.0,6338.0
892,4645.0,5154.0,7537.0,8880.0,4924.0,4405.0,8955.0,7302.0,8098.0,5829.0
893,4202.0,4926.0,8074.0,9686.0,5711.0,5464.0,9677.0,6773.0,7849.0,6191.0
894,4097.0,3020.0,3891.0,9374.0,2088.0,2793.0,5572.0,3611.0,6179.0,4736.0
895,0.0,0.0,0.0,0.0,0.0,0.0,0.0,0.0,0.0,0.0
896,3846.0,4123.0,5840.0,9118.0,3827.0,3641.0,7917.0,4796.0,6121.0,4264.0
897,3762.0,4094.0,6757.0,7635.0,3697.0,3829.0,7861.0,5501.0,5714.0,5244.0
898,3346.0,4805.0,5448.0,8048.0,4134.0,3970.0,6913.0,5005.0,6888.0,4896.0
899,3533.0,4022.0,5763.0,7111.0,3325.0,3861.0,6875.0,5956.0,6674.0,5018.0
900,3317.0,3953.0,6222.0,7684.0,3799.0,4215.0,7352.0,5016.0,6549.0,4771.0
901,4019.0,2404.0,5156.0,8989.0,1876.0,3078.0,6519.0,3611.0,7069.0,4595.0
902,0.0,0.0,0.0,0.0,0.0,0.0,0.0,0.0,0.0,0.0
903,5197.0,7961.0,10243.0,11692.0,7623.0,6995.0,13689.0,10444.0,13457.0,8057.0
904,5735.0,9863.0,13261.0,13106.0,6635.0,7427.0,14838.0,9836.0,10447.0,8565.0
905,5223.0,6431.0,8311.0,11216.0,6253.0,5804.0,11024.0,8523.0,8490.0,7896.0
906,5558.0,6189.0,7450.0,10323.0,6035.0,5335.0,10996.0,8658.0,8395.0,6317.0
907,4665.0,4838.0,8149.0,11543.0,4475.0,4594.0,11976.0,6535.0,8363.0,5915.0
908,4797.0,4475.0,4482.0,9358.0,2240.0,2979.0,6559.0,3418.0,6223.0,5120.0
909,0.0,0.0,0.0,0.0,0.0,0.0,0.0,0.0,0.0,0.0
910,4359.0,4132.0,6736.0,9967.0,4328.0,4508.0,10790.0,6740.0,7758.0,6143.0
911,3650.0,4313.0,6180.0,8127.0,4036.0,4021.0,9207.0,5365.0,6940.0,5476.0
912,3797.0,5676.0,6347.0,8620.0,4990.0,4072.0,9204.0,5322.0,5621.0,4865.0
913,3897.0,4082.0,6613.0,9093.0,4601.0,4095.0,9608.0,5602.0,6285.0,4871.0
914,3808.0,4384.0,6316.0,9177.0,4252.0,4530.0,9499.0,6067.0,6007.0,5747.0
915,3530.0,2677.0,4011.0,10996.0,2023.0,3134.0,6425.0,3707.0,5076.0,4636.0
916,0.0,0.0,0.0,0.0,0.0,0.0,0.0,0.0,0.0,0.0
917,5054.0,6874.0,9462.0,13550.0,7425.0,6827.0,13250.0,9117.0,10399.0,6757.0
918,5042.0,6122.0,8625.0,12315.0,6144.0,5758.0,12294.0,8845.0,7841.0,7491.0
919,4767.0,6406.0,8663.0,11126.0,6323.0,4582.0,10095.0,7932.0,7013.0,6423.0
920,4427.0,5062.0,7909.0,11432.0,4963.0,5115.0,10774.0,8808.0,8113.0,6275.0
921,4852.0,4518.0,6679.0,10514.0,4355.0,4422.0,10339.0,6728.0,6845.0,5356.0
922,4406.0,3417.0,4258.0,9703.0,2108.0,2915.0,6861.0,3813.0,5987.0,5761.0
923,0.0,0.0,0.0,0.0,0.0,0.0,0.0,0.0,0.0,0.0
924,4395.0,4435.0,5798.0,10283.0,4183.0,4301.0,10159.0,5956.0,7152.0,6111.0
925,3558.0,3836.0,5600.0,9176.0,3497.0,3720.0,9169.0,5168.0,5873.0,6479.0
926,3464.0,5093.0,5414.0,8503.0,3595.0,3469.0,8214.0,4996.0,5649.0,5561.0
927,3769.0,4108.0,5702.0,7286.0,3713.0,3482.0,9550.0,6109.0,6471.0,6401.0
928,3706.0,3854.0,5080.0,8322.0,3815.0,3804.0,9203.0,4917.0,5464.0,6152.0
929,4364.0,2512.0,3878.0,9322.0,2030.0,2892.0,6574.0,3288.0,5330.0,4713.0
930,0.0,0.0,0.0,0.0,0.0,0.0,0.0,0.0,0.0,0.0
931,6102.0,6627.0,8107.0,11812.0,7059.0,5723.0,14869.0,8739.0,10649.0,7212.0
932,5011.0,5671.0,8864.0,10275.0,6083.0,4839.0,12342.0,6717.0,8751.0,6140.0
933,4782.0,6402.0,7610.0,10514.0,5899.0,5275.0,12074.0,7029.0,7776.0,5524.0
934,5020.0,5567.0,8977.0,10387.0,4943.0,4790.0,11560.0,8420.0,7539.0,6186.0
